,name,score
0,256mb ddr radeon 9800 xt,37
1,6fdf ff,9528
2,7900 mod radeon hd 6520g,610
3,7900 mod radeon hd 6550d,892
4,a10 12q,9493
5,a10 4q,2764
6,a10 8q,7038
7,a16,5280
8,a16 1q,3275
9,a16 2b,2317
10,a16 2q,4747
11,a16 4q,4386
12,a16 8q,4351
13,a40 24q,3317
14,a40 48q,10436
15,a6 micro 6500t quad core apu with radeonr4,220
16,abit siluro t400,3
17,all in wonder 9000,4
18,all in wonder 9800,23
19,all in wonder radeon 8500dv,5
20,all in wonder x1800xl,30
21,all in wonder x1900,127
22,all in wonder x800 gt,84
23,ryzen z1 extreme,6487
24,amigamerlin 3 1 r1 for voodoo 4 4500 pci,3
25,asus a7000,9
26,asus agp v3800pro v31 40h,4
27,asus eah4870x2,496
28,asus gtx 650 fml ii ec egpu,720
29,asus v9520 x v62 11,7
30,b8dkmdap,4557
31,barco mxrt 1450,205
32,barco mxrt 2600,900
33,barco mxrt 5400,1161
34,barco mxrt 5450,1079
35,barco mxrt 5500,2701
36,barco mxrt 5600,2465
37,barco mxrt 7100,180
38,barco mxrt 7400,900
39,barco mxrt 7500,3753
40,barco mxrt 7600,4943
41,basicdisplay,69
42,carrizo 9874,226
43,citrix indirect display adapter,1888
44,cmp 30hx,5376
45,cmp 40hx,8924
46,connect 3d radeon x300,36
47,custom 0405,2929
48,custom 0932,3254
49,dell 8100,2
50,dell 8200,4
51,diamond x1300 pcie 256mb,70
52,displaylink usb device ryzen 7 pro 7735u,2677
53,eah5450,134
54,eizo quadro med xn51lp,4951
55,eizo quadro med xn72,9036
56,eizo quadro med xn92,17035
57,embedded radeon e9173,1773
58,eng sample 100 000000560 40 y,5655
59,eng sample 100 000000561 40 y,4206
60,extreme ax850 pro,120
61,firegl t2 128,30
62,firegl v3100,52
63,firegl v3200,84
64,firegl v3300,70
65,firegl v3350,68
66,firegl v3400,103
67,firegl v3600,179
68,firegl v5100,92
69,firegl v5200,114
70,firegl v5600,341
71,firegl v7100,71
72,firegl v7200,116
73,firegl v7300,128
74,firegl v7350,110
75,firegl v7600,615
76,firegl v7700,660
77,firegl v8600,838
78,firegl v8650,550
79,firegl x1,59
80,firemv 2200 pci,1
81,firemv 2200 pcie,36
82,firemv 2250,45
83,firemv 2260,117
84,firemv 2400 pcie,11
85,firemv 2450,73
86,firepro 2260,112
87,firepro 2270,142
88,firepro 2450,51
89,firepro 2460,170
90,firepro 3d v3700,178
91,firepro 3d v3750,341
92,firepro 3d v3800,472
93,firepro 3d v4800,853
94,firepro 3d v5700,546
95,firepro 3d v5800,1231
96,firepro 3d v7750,545
97,firepro 3d v7800,1867
98,firepro 3d v8700,1206
99,firepro 3d v8750,1271
100,firepro 3d v8800,2437
101,firepro 3d v9800,2811
102,firepro m2000,425
103,firepro m4000,1593
104,firepro m4000 mobility pro,1629
105,firepro m40003,1364
106,firepro m4100,1059
107,firepro m4150,1020
108,firepro m4170,1188
109,firepro m5100,1874
110,firepro m5100 firegl v,1839
111,firepro m5950,1314
112,firepro m6000,1820
113,firepro m6000 mobility pro,1712
114,firepro m6100,2417
115,firepro m6100 firegl v,2880
116,firepro m7740,665
117,firepro r5000,2646
118,firepro rg220,335
119,firepro s10000,4768
120,firepro s7000,4523
121,firepro s7150,3770
122,firepro s9000,5059
123,firepro s9050,4901
124,firepro v3800,320
125,firepro v3900,637
126,firepro v4900,1009
127,firepro v5700,464
128,firepro v5800,1180
129,firepro v5900,1232
130,firepro v7000,3161
131,firepro v7800,2028
132,firepro v7900,2260
133,firepro v8700,1538
134,firepro v8800,2280
135,firepro v9800,2726
136,firepro w2100,848
137,firepro w4100,1508
138,firepro w4170m,1059
139,firepro w4190m,1168
140,firepro w4300,2723
141,firepro w5000,2958
142,firepro w5100,2984
143,firepro w5130m,1367
144,firepro w5170m,1840
145,firepro w600,1685
146,firepro w6150m,2358
147,firepro w7000,4273
148,firepro w7000 adapter,4359
149,firepro w7100,5152
150,firepro w7170m,2899
151,firepro w8000,4259
152,firepro w8100,6671
153,firepro w9000,6157
154,firepro w9100,7747
155,firestream 9170,647
156,firestream 9250,1164
157,firestream 9270,1341
158,firestream 9370,2528
159,gecube radeon 7000,8
160,geforce 205,126
161,geforce 210,131
162,geforce 240m gt,319
163,geforce 256,5
164,geforce 305m,150
165,geforce 310,143
166,geforce 310m,125
167,geforce 315,196
168,geforce 315m,114
169,geforce 320m,209
170,geforce 405,117
171,geforce 410m,269
172,geforce 505,143
173,geforce 510,290
174,geforce 605,320
175,geforce 6100,27
176,geforce 6100 nforce 400,25
177,geforce 6100 nforce 405,26
178,geforce 6100 nforce 420,25
179,geforce 6100 nforce 430,23
180,geforce 610m,292
181,geforce 615,507
182,geforce 6150,21
183,geforce 6150 le,33
184,geforce 6150se,24
185,geforce 6150se nforce 430,30
186,geforce 6200,37
187,geforce 6200 a le,32
188,geforce 6200 le,32
189,geforce 6200 turbocache,51
190,geforce 6200a,3
191,geforce 6200se turbocache,37
192,geforce 6500,38
193,geforce 6600,86
194,geforce 6600 gt,142
195,geforce 6600 le,51
196,geforce 6610 xl,88
197,geforce 6700 xl,95
198,geforce 6800,112
199,geforce 6800 gs,191
200,geforce 6800 gs xt,102
201,geforce 6800 gt,142
202,geforce 6800 le,109
203,geforce 6800 ultra,138
204,geforce 6800 xe,58
205,geforce 6800 xt,120
206,geforce 7000m,13
207,geforce 7000m nforce 610m,12
208,geforce 7025 nforce 630a,32
209,geforce 7050 nforce 610i,25
210,geforce 7050 nforce 620i,41
211,geforce 7050 nforce 630i,37
212,geforce 7050 pv nforce 630a,31
213,geforce 705m,455
214,geforce 7100 nforce 620i,26
215,geforce 7100 nforce 630i,41
216,geforce 7100 gs,51
217,geforce 710a,485
218,geforce 710m,450
219,geforce 7150 nforce 630i,33
220,geforce 7150m nforce 630m,18
221,geforce 7200 gs,23
222,geforce 720a,577
223,geforce 7300 gs,78
224,geforce 7300 gt,123
225,geforce 7300 le,80
226,geforce 7300 se,39
227,geforce 7300 se 7200 gs,48
228,geforce 730a,770
229,geforce 7350 le,74
230,geforce 7500 le,84
231,geforce 7600 gs,160
232,geforce 7600 gt,237
233,geforce 7650 gs,134
234,geforce 770m,3245
235,geforce 7800 gs,177
236,geforce 7800 gt,244
237,geforce 7800 gtx,290
238,geforce 7900 gs,253
239,geforce 7900 gt,258
240,geforce 7900 gt gto,247
241,geforce 7900 gtx,387
242,geforce 7950 gt,346
243,geforce 7950 gx2,201
244,geforce 7950 xtreme,287
245,geforce 800a,476
246,geforce 800m,477
247,geforce 8100 nforce 720a,79
248,geforce 810a,655
249,geforce 810m,419
250,geforce 8200,163
251,geforce 8200m g,65
252,geforce 820a,556
253,geforce 820m,485
254,geforce 825m,770
255,geforce 8300,101
256,geforce 8300 gs,115
257,geforce 830a,1156
258,geforce 830m,1008
259,geforce 8400,81
260,geforce 8400 gs,159
261,geforce 8400 se,68
262,geforce 8400m g,105
263,geforce 8400m gs,100
264,geforce 8400m gt,66
265,geforce 840a,1123
266,geforce 840m,1100
267,geforce 845m,1488
268,geforce 8500 gt,167
269,geforce 8600 gs,143
270,geforce 8600 gt,131
271,geforce 8600 gts,183
272,geforce 8600m gs,88
273,geforce 8600m gt,167
274,geforce 8700m gt,124
275,geforce 8800 gs,330
276,geforce 8800 gt,460
277,geforce 8800 gts,406
278,geforce 8800 gts 512,549
279,geforce 8800 gtx,565
280,geforce 8800 ultra,642
281,geforce 8800m gts,382
282,geforce 8800m gtx,462
283,geforce 9100,81
284,geforce 9100m g,68
285,geforce 910m,595
286,geforce 9200,169
287,geforce 9200m ge,143
288,geforce 9200m gs,129
289,geforce 920a,831
290,geforce 920m,717
291,geforce 920mx,1068
292,geforce 9300,126
293,geforce 9300 nforce 730i,128
294,geforce 9300 ge,95
295,geforce 9300 gs,102
296,geforce 9300 se,81
297,geforce 9300ge,97
298,geforce 9300m g,84
299,geforce 9300m gs,118
300,geforce 930a,1263
301,geforce 930m,1008
302,geforce 930mx,1284
303,geforce 9400,143
304,geforce 9400 gt,168
305,geforce 9400m,101
306,geforce 9400m g,67
307,geforce 940a,1106
308,geforce 940m,1129
309,geforce 940mx,1511
310,geforce 9450,104
311,geforce 945a,1852
312,geforce 945m,2108
313,geforce 9500 gs,215
314,geforce 9500 gt,179
315,geforce 9500m,103
316,geforce 9500m g,121
317,geforce 9500m gs,134
318,geforce 9600 gs,281
319,geforce 9600 gso,323
320,geforce 9600 gso 512,329
321,geforce 9600 gt,478
322,geforce 9600m gs,130
323,geforce 9600m gt,149
324,geforce 9600m gt geforce gt 220m,293
325,geforce 9650m gs,270
326,geforce 9650m gt,137
327,geforce 9700m gt,327
328,geforce 9700m gts,278
329,geforce 9800 gt,451
330,geforce 9800 gt 1024mb,134
331,geforce 9800 gtx,769
332,geforce 9800 gtx,499
333,geforce 9800 gtx 9800 gtx,591
334,geforce 9800 gx2,612
335,geforce 9800 s,635
336,geforce 9800m gs,534
337,geforce 9800m gt,381
338,geforce 9800m gts,356
339,geforce 9800m gtx,454
340,geforce 999 gtx,83
341,geforce fx 5100,7
342,geforce fx 5200,7
343,geforce fx 5200 ultra,12
344,geforce fx 5200le,7
345,geforce fx 5200se,11
346,geforce fx 5500,8
347,geforce fx 5600,12
348,geforce fx 5600 ultra,17
349,geforce fx 5600xt,9
350,geforce fx 5700,40
351,geforce fx 5700 ultra,34
352,geforce fx 5700le,24
353,geforce fx 5700ve,33
354,geforce fx 5900,34
355,geforce fx 5900 ultra,41
356,geforce fx 5900xt,40
357,geforce fx 5900zt,32
358,geforce fx 5950 ultra,59
359,geforce fx go 5200,8
360,geforce fx go 5600,17
361,geforce fx go5300,12
362,geforce fx go5650,16
363,geforce fx go5700,51
364,geforce g 103m,62
365,geforce g 105m,74
366,geforce g100,176
367,geforce g102m,167
368,geforce g105m,133
369,geforce g200,136
370,geforce g205m,91
371,geforce g210,128
372,geforce g210m,129
373,geforce go 6100,17
374,geforce go 6150,19
375,geforce go 6200,15
376,geforce go 6400,24
377,geforce go 6600,69
378,geforce go 6600 te 6200 te,44
379,geforce go 6800,106
380,geforce go 6800 ultra,137
381,geforce go 7200,45
382,geforce go 7300,52
383,geforce go 7400,65
384,geforce go 7600,127
385,geforce go 7600 gt,210
386,geforce go 7700,147
387,geforce go 7800,114
388,geforce go 7800 gtx,209
389,geforce go 7900 gs,177
390,geforce go 7900 gtx,270
391,geforce go 7950 gtx,263
392,geforce,1161
393,geforce gt 1030,2415
394,geforce gt 120,166
395,geforce gt 120 9500 gt,324
396,geforce gt 120m,150
397,geforce gt 130,381
398,geforce gt 130m,145
399,geforce gt 140,657
400,geforce gt 220,222
401,geforce gt 220m,126
402,geforce gt 230,323
403,geforce gt 230m,215
404,geforce gt 240,499
405,geforce gt 240m,213
406,geforce gt 320,470
407,geforce gt 320m,106
408,geforce gt 325m,169
409,geforce gt 330,396
410,geforce gt 330m,221
411,geforce gt 335m,372
412,geforce gt 340,738
413,geforce gt 415,251
414,geforce gt 415m,286
415,geforce gt 420,429
416,geforce gt 420m,393
417,geforce gt 425m,511
418,geforce gt 430,602
419,geforce gt 435m,535
420,geforce gt 440,773
421,geforce gt 445m,811
422,geforce gt 520,325
423,geforce gt 520m,284
424,geforce gt 520mx,284
425,geforce gt 525m,452
426,geforce gt 530,666
427,geforce gt 540m,477
428,geforce gt 545,1114
429,geforce gt 550m,569
430,geforce gt 555m,652
431,geforce gt 610,325
432,geforce gt 610m gt 620m gt 710m gt 720m gt,368
433,geforce gt 620,383
434,geforce gt 620m,430
435,geforce gt 625,368
436,geforce gt 625m,484
437,geforce gt 630,688
438,geforce gt 630m,526
439,geforce gt 635,815
440,geforce gt 635m,549
441,geforce gt 640,1166
442,geforce gt 640m,931
443,geforce gt 640m le,700
444,geforce gt 645,2005
445,geforce gt 645m,940
446,geforce gt 650m,1195
447,geforce gt 705,355
448,geforce gt 710,621
449,geforce gt 710m,433
450,geforce gt 720,657
451,geforce gt 720a,573
452,geforce gt 720m,444
453,geforce gt 730,820
454,geforce gt 730a,742
455,geforce gt 730m,808
456,geforce gt 735m,654
457,geforce gt 740,1458
458,geforce gt 740a,667
459,geforce gt 740m,788
460,geforce gt 745a,1237
461,geforce gt 745m,1097
462,geforce gt 750m,1331
463,geforce gt 755m,1724
464,geforce gt 820m,547
465,geforce gt625m,451
466,geforce gts 150m,504
467,geforce gts 160m,678
468,geforce gts 240,549
469,geforce gts 250,579
470,geforce gts 250m,553
471,geforce gts 350m,380
472,geforce gts 360m,644
473,geforce gts 450,1327
474,geforce gtx 1050,5027
475,geforce gtx 1050,4462
476,geforce gtx 1050 3gb,5105
477,geforce gtx 1050 ti,6343
478,geforce gtx 1050 ti,5917
479,geforce gtx 1050 ti with max q design,5302
480,geforce gtx 1050 with max q design,3992
481,geforce gtx 1060,10083
482,geforce gtx 1060,8160
483,geforce gtx 1060 3gb,9804
484,geforce gtx 1060 5gb,9100
485,geforce gtx 1060 with max q design,7855
486,geforce gtx 1070,13500
487,geforce gtx 1070,10465
488,geforce gtx 1070 ti,14670
489,geforce gtx 1070 with max q design,9848
490,geforce gtx 1080,15585
491,geforce gtx 1080 ti,18601
492,geforce gtx 1080 with max q design,11464
493,geforce gtx 1630,4977
494,geforce gtx 1650,7886
495,geforce gtx 1650,6968
496,geforce gtx 1650 super,10185
497,geforce gtx 1650 ti,7526
498,geforce gtx 1650 ti with max q design,6533
499,geforce gtx 1650 with max q design,6249
500,geforce gtx 1660,11656
501,geforce gtx 1660 super,12699
502,geforce gtx 1660 ti,12875
503,geforce gtx 1660 ti,10136
504,geforce gtx 1660 ti with max q design,8563
505,geforce gtx 260,1205
506,geforce gtx 260m,380
507,geforce gtx 275,1379
508,geforce gtx 280,1277
509,geforce gtx 280m,575
510,geforce gtx 285,1500
511,geforce gtx 285m,636
512,geforce gtx 295,1200
513,geforce gtx 460,2276
514,geforce gtx 460 se,1992
515,geforce gtx 460 v2,1954
516,geforce gtx 460m,1214
517,geforce gtx 465,2653
518,geforce gtx 470,3140
519,geforce gtx 470m,1953
520,geforce gtx 480,4106
521,geforce gtx 480m,1617
522,geforce gtx 485m,2359
523,geforce gtx 550 ti,1559
524,geforce gtx 555,1588
525,geforce gtx 560,2772
526,geforce gtx 560 se,1847
527,geforce gtx 560 ti,3067
528,geforce gtx 560m,1266
529,geforce gtx 570,3918
530,geforce gtx 570m,1877
531,geforce gtx 580,4634
532,geforce gtx 580m,2074
533,geforce gtx 590,3341
534,geforce gtx 645,1880
535,geforce gtx 650,1751
536,geforce gtx 650 ti,2521
537,geforce gtx 650 ti boost,3397
538,geforce gtx 660,4029
539,geforce gtx 660 ti,4399
540,geforce gtx 660m,6239
541,geforce gtx 670,5353
542,geforce gtx 670m,1723
543,geforce gtx 670mx,1973
544,geforce gtx 675m,1863
545,geforce gtx 675mx,2969
546,geforce gtx 680,5601
547,geforce gtx 680m,3276
548,geforce gtx 680m ky bullet edition,3568
549,geforce gtx 680mx,3686
550,geforce gtx 690,5474
551,geforce gtx 745,2126
552,geforce gtx 750,3324
553,geforce gtx 750 ti,3903
554,geforce gtx 760,4806
555,geforce gtx 760 ti,5306
556,geforce gtx 760 ti oem,5427
557,geforce gtx 760a,1226
558,geforce gtx 760m,1703
559,geforce gtx 765m,2015
560,geforce gtx 770,5943
561,geforce gtx 770m,2762
562,geforce gtx 775m,3688
563,geforce gtx 780,7970
564,geforce gtx 780 ti,9462
565,geforce gtx 780m,3822
566,geforce gtx 850a,1049
567,geforce gtx 850m,2525
568,geforce gtx 850m modded,1091
569,geforce gtx 860m,3081
570,geforce gtx 870m,3518
571,geforce gtx 880m,3817
572,geforce gtx 950,5350
573,geforce gtx 950a,2593
574,geforce gtx 950m,2576
575,geforce gtx 960,6118
576,geforce gtx 960a,3464
577,geforce gtx 960m,3371
578,geforce gtx 965m,3846
579,geforce gtx 970,9640
580,geforce gtx 970m,5698
581,geforce gtx 970xm force,6706
582,geforce gtx 980,11101
583,geforce gtx 980 ti,13722
584,geforce gtx 980m,7338
585,geforce gtx titan,8197
586,geforce gtx titan black,9184
587,geforce gtx titan x,12782
588,geforce gtx titan z,8810
589,geforce mx110,1417
590,geforce mx130,1814
591,geforce mx150,2255
592,geforce mx230,1827
593,geforce mx250,2388
594,geforce mx330,2367
595,geforce mx350,2811
596,geforce mx450,3723
597,geforce mx550,4516
598,geforce mx570,5714
599,geforce mx570 a,6171
600,geforce pcx 5300,6
601,geforce pcx 5750,34
602,geforce pcx 5900,34
603,geforce rtx 2050,7762
604,geforce rtx 2060,14113
605,geforce rtx 2060,11352
606,geforce rtx 2060 12gb,15926
607,geforce rtx 2060 super,16452
608,geforce rtx 2060 with max q design,9733
609,geforce rtx 2070,16095
610,geforce rtx 2070,12357
611,geforce rtx 2070 super,18175
612,geforce rtx 2070 super with max q design,13591
613,geforce rtx 2070 with max q design,11541
614,geforce rtx 2080,18721
615,geforce rtx 2080,15013
616,geforce rtx 2080 super,19493
617,geforce rtx 2080 super with max q design,13608
618,geforce rtx 2080 ti,21555
619,geforce rtx 2080 with max q design,12820
620,geforce rtx 3050 4gb laptop,9494
621,geforce rtx 3050 6gb,10728
622,geforce rtx 3050 6gb laptop,10231
623,geforce rtx 3050 8gb,12571
624,geforce rtx 3050 a laptop,11663
625,geforce rtx 3050 laptop,12144
626,geforce rtx 3050 oem,11849
627,geforce rtx 3050 ti laptop,10101
628,geforce rtx 3060,17157
629,geforce rtx 3060 12gb,16815
630,geforce rtx 3060 8gb,15220
631,geforce rtx 3060 laptop,13227
632,geforce rtx 3060 ti,20352
633,geforce rtx 3070,22216
634,geforce rtx 3070 laptop,15317
635,geforce rtx 3070 ti,23364
636,geforce rtx 3070 ti laptop,17744
637,geforce rtx 3080,25090
638,geforce rtx 3080 12gb,26552
639,geforce rtx 3080 laptop,16341
640,geforce rtx 3080 ti,26902
641,geforce rtx 3080 ti laptop,19284
642,geforce rtx 3090,26648
643,geforce rtx 3090 ti,29452
644,geforce rtx 4050 laptop,14424
645,geforce rtx 4060,19684
646,geforce rtx 4060 laptop,17489
647,geforce rtx 4060 ti,22697
648,geforce rtx 4060 ti 16gb,22745
649,geforce rtx 4070,26931
650,geforce rtx 4070 laptop,19600
651,geforce rtx 4070 super,29974
652,geforce rtx 4070 ti,31610
653,geforce rtx 4070 ti super,31777
654,geforce rtx 4080,34437
655,geforce rtx 4080 laptop,24992
656,geforce rtx 4080 super,34212
657,geforce rtx 4090,38215
658,geforce rtx 4090 d,32259
659,geforce rtx 4090 laptop,27242
660,geforce rtx 5050,16763
661,geforce rtx 5050 laptop,17562
662,geforce rtx 5060,20848
663,geforce rtx 5060 laptop,19143
664,geforce rtx 5060 ti 16gb,22903
665,geforce rtx 5060 ti 8gb,22248
666,geforce rtx 5070,29019
667,geforce rtx 5070 laptop,20682
668,geforce rtx 5070 ti,32867
669,geforce rtx 5070 ti laptop,23966
670,geforce rtx 5080,36395
671,geforce rtx 5080 laptop,27676
672,geforce rtx 5090,39611
673,geforce rtx 5090 d,43923
674,geforce rtx 5090 laptop,30161
675,geforce2 go,4
676,geforce2 gts geforce2 pro,3
677,geforce2 integrated,4
678,geforce2 mx,2
679,geforce2 mx 100 200,3
680,geforce2 mx with dvi d and tv out,4
681,geforce2 mx with tv out,2
682,geforce2 mx mx 400,3
683,geforce2 ti,4
684,geforce2 ultra,6
685,geforce3,4
686,geforce3 ti 200,4
687,geforce3 ti 500,2
688,geforce4 420 go,3
689,geforce4 420 go 32m,5
690,geforce4 4200 go,3
691,geforce4 440,4
692,geforce4 440 go,3
693,geforce4 440 go 64m,5
694,geforce4 448 go,5
695,geforce4 mx 4000,4
696,geforce4 mx 420,4
697,geforce4 mx 440,4
698,geforce4 mx 440 with agp8x,4
699,geforce4 mx 440se,4
700,geforce4 mx 460,4
701,geforce4 mx integrated,6
702,geforce4 ti 4200,5
703,geforce4 ti 4400,7
704,geforce4 ti 4600,5
705,geforce4 ti 4800,5
706,geforce4 ti 4800 se,6
707,geforce9400m,105
708,gf117,554
709,glenfly arise gt 10c0,1007
710,grid gtx p40 6,4340
711,grid k1,650
712,grid k120q,293
713,grid k140q,727
714,grid k160q,628
715,grid k180q,533
716,grid k2,2736
717,grid k220q,912
718,grid k240q,2541
719,grid k260q,2949
720,grid k280q,2839
721,grid k520,3516
722,grid m10 0b,870
723,grid m10 0q,795
724,grid m10 1b,1493
725,grid m10 1q,2384
726,grid m10 2b,1623
727,grid m10 2q,2691
728,grid m10 4q,2976
729,grid m10 8q,2068
730,grid m6 0b,911
731,grid m6 1q,2069
732,grid m6 8q,3568
733,grid m60 0b,1838
734,grid m60 0q,827
735,grid m60 1b,4456
736,grid m60 1q,3694
737,grid m60 2q,5203
738,grid m60 4q,3831
739,grid m60 8a,5523
740,grid m60 8q,3883
741,grid p100 16q,5944
742,grid p100 1b,2223
743,grid p100 8q,3267
744,grid p4 1b,2151
745,grid p4 1q,729
746,grid p4 2b4,2753
747,grid p4 2q,2692
748,grid p4 4q,6234
749,grid p4 8a,3206
750,grid p4 8q,5355
751,grid p40 12q,5752
752,grid p40 1b,3690
753,grid p40 1q,7571
754,grid p40 24q,7956
755,grid p40 2b,9842
756,grid p40 2b4,8160
757,grid p40 2q,4130
758,grid p40 3q,681
759,grid p40 4q,4921
760,grid p40 8q,7507
761,grid p6 2q,3925
762,grid p6 4q,4429
763,grid rtx6000 1b,8473
764,grid rtx6000 6q,21986
765,grid rtx6000p 6q,4777
766,grid t4 16q,4910
767,grid t4 1b,1731
768,grid t4 1q,3302
769,grid t4 2b,2900
770,grid t4 2q,3765
771,grid t4 4q,3608
772,grid t4 8q,5565
773,grid v100 8q,16
774,grid v100d 8q,4155
775,gt 430,223
776,incredible hd,389
777,incredible hd 4000,517
778,incredible hd 4600,749
779,express chipset g41,56
780,express chipset q45 q43,57
781,2nd generation sandybridge hd,169
782,2nd generation sandybridge hd 3000,205
783,4th generation haswell hd,419
784,82845g,2
785,82845g gl,2
786,82845g gl ge pe gv,2
787,82852 82855 gm gme,1
788,82865g,4
789,82915g express,5
790,82915g 915gv 910gl,3
791,82915g gv 910gl advanced v3 5,2
792,82915g gv 910gl express,3
793,82945g express,9
794,82945g express chipsatzfamilie,8
795,865 embedded,3
796,915g 910g express,4
797,915g 915gv 910gl embedded functio,4
798,945g embedded chipset function 0,4
799,946gz embedded chipset,3
800,946gz express,2
801,arc,5507
802,arc 130t,6417
803,arc 130v,4612
804,arc 140t,5634
805,arc 140t,6843
806,arc 140v,5226
807,arc a310,5432
808,arc a310 lp,4930
809,arc a370m,5115
810,arc a380,6252
811,arc a530m,7915
812,arc a580,12003
813,arc a730m,9808
814,arc a750,12527
815,arc a770,13250
816,arc a770m,11803
817,arc b570,14182
818,arc b580,15759
819,arc pro,5775
820,arc pro 140t,6695
821,arc pro a40 a50,5478
822,arc pro a60,9194
823,b43 express chipset,138
824,coffee lake uhd,1158
825,extreme,1
826,g33 g31 express,38
827,g35 express,2097
828,g41 express chipset,145
829,g41 express chipsatz,57
830,g45 g43 express chipset,141
831,g45 g43 g41 express chipset,67
832,g965 express,222
833,gma 3150 express,2
834,,3168
835,haswell hd gt1,123
836,haswell hd gt2,139
837,hd 2000,213
838,hd 3000,260
839,hd 4000,344
840,hd 4400,524
841,hd 4600,628
842,hd 4600 manual gen9 2015 134121,619
843,hd 500,300
844,hd 5000,584
845,hd 505,359
846,hd 510,619
847,hd 515,637
848,hd 520,862
849,hd 5200,830
850,hd 530,992
851,hd 5300,404
852,hd 5500,593
853,hd 5600,1868
854,hd 6000,875
855,hd 610,689
856,hd 615,699
857,hd 630,1112
858,hd family,464
859,hd 620,921
860,hd manual 15 28 1861,62
861,hd manual gen9 2015 133271,165
862,hd modded,112
863,hd p3000,282
864,hd p4000,516
865,hd p4600,505
866,hd p4600 p4700,630
867,hd p530,1154
868,hd p630,1220
869,infoshock hd,193
870,iris 5100,743
871,iris 540,1262
872,iris 550,1438
873,iris 6100,902
874,iris 650,1432
875,iris plus,1801
876,iris plus 640,1357
877,iris plus 645,1749
878,iris plus 650,1610
879,iris plus 655,1718
880,iris pro 5200,1176
881,iris pro 580,1985
882,iris pro 6100,925
883,iris pro 6200,1525
884,iris pro p580,1754
885,iris pro p6300,1596
886,iris xe,2644
887,iris xe max,1971
888,iris xe max 100,1964
889,media accelerator,32
890,media accelerator 3150,2
891,media accelerator 500,3
892,media accelerator 600,6
893,media accelerator hd,106
894,poison ivy,738
895,q33 express,7
896,q35 embedded,8
897,q35 express,64
898,q45 q43 express chipset,201
899,q45 q43 express chipsatz,57
900,q965 q963 express,125
901,skylake hd dt gt2,576
902,uhd 630,614
903,uhd,1500
904,uhd 600,316
905,uhd 605,365
906,uhd 610,684
907,uhd 615,716
908,uhd 617,852
909,uhd 620,1041
910,uhd 630,1231
911,uhd 710,1059
912,uhd 730,1514
913,uhd 750,1711
914,uhd 770,1902
915,uhd p630,1983
916,uhd p750,1662
917,us15 embedded media and,7
918,ion,108
919,ion le,97
920,l4,7008
921,l4 12q,3543
922,l4 1q,258
923,l4 2a,3063
924,l4 2q,4062
925,l4 4q,4926
926,l4 6q,4473
927,l4 8q,5706
928,l40 8q,11670
929,l40s,20022
930,l40s 12a,3659
931,l40s 12q,4151
932,l40s 1q,2931
933,l40s 8q,5093
934,m860g with mobility radeon 4100,75
935,m880g with mobility radeon hd 4200,92
936,m880g with mobility radeon hd 4225,71
937,m880g with mobility radeon hd 4250,104
938,master x3100 driver,10
939,matrox c420 lp pcie x16,597
940,matrox c680 pcie x16,1873
941,matrox c900 pcie x16,1812
942,matrox g200e wddm 1 2,59
943,matrox g200e wddm 2 0,100
944,matrox g200eh,40
945,matrox g200eh wddm 1 2,51
946,matrox g200eh wddm 2 0,49
947,matrox g200er,36
948,matrox g200er wddm 1 2,45
949,matrox g200er wddm 2 0,67
950,matrox g200ew,39
951,matrox g200ew wddm 1 2,50
952,matrox g200ew3 wddm 2 0,89
953,matrox luma a310,3690
954,matrox luma a310f,3873
955,matrox luma a380p,5811
956,matrox m9120 pcie x16,19
957,matrox m9120 plus lp pcie x16,25
958,matrox m9125 pcie x16,25
959,matrox m9128 lp pcie x16,31
960,matrox m9138 lp pcie x16,42
961,matrox m9140 lp pcie x16,23
962,matrox m9148 lp pcie x16,40
963,matrox m9188 atx pcie x16,45
964,matrox millennium p650 pcie 128,5
965,matrox millennium p690 pcie x16,366
966,matrox millennium p690 plus lp pcie x16,6
967,matrox parhelia 128mb,3
968,matrox parhelia 256mb,9
969,matrox parhelia apve,5
970,medion radeon 9800 xxl,71
971,medion radeon x740xl,94
972,meta virtual monitor,20761
973,meta virtual monitor ryzen 5 5625u,1008
974,mi pad 5 adreno 640,657
975,miracast display port driver v3,8421
976,mirage driver,1261
977,mirrorop virtual adaptor ryzen 7 pro 5850u,1345
978,mirrorv3,1080
979,mobile famiglia express chipset 45,38
980,mobile 4 express chipsatzfamilie,44
981,mobile 45 express,38
982,mobile 45 express chipsatzfamilie,117
983,mobile 915gm gms 910gml express,1
984,mobile 945 express,1
985,mobile 945gm express,5
986,mobile 945gm gu express,5
987,mobile 965 express,46
988,mobile 965 express br 0907 0461 v1839,8
989,mobile 965 express chipsatzfamilie,24
990,mobile hd,244
991,mobile serie 4 express,44
992,mobile intel965 express,17
993,mobility firegl 7800,4
994,mobility firegl t2,40
995,mobility firegl t2 t2e,33
996,mobility firegl v3200,62
997,mobility firegl v5000,81
998,mobility firegl v5200,44
999,mobility firegl v5250,27
1000,mobility firegl v5725,219
1001,mobility igp 9000 9100,10
1002,mobility radeon 4100,81
1003,mobility radeon 7000 igp,6
1004,mobility radeon 7500,3
1005,mobility radeon 9000,3
1006,mobility radeon 9000 igp,7
1007,mobility radeon 9000 9100 igp,5
1008,mobility radeon 9100 igp,2
1009,mobility radeon 9200,3
1010,mobility radeon 9550,30
1011,mobility radeon 9600,36
1012,mobility radeon 9600 pro turbo,24
1013,mobility radeon 9600 9700,39
1014,mobility radeon 9700,27
1015,mobility radeon 9800,46
1016,mobility radeon hd 2300,50
1017,mobility radeon hd 2400,89
1018,mobility radeon hd 2400 xt,102
1019,mobility radeon hd 2600,167
1020,mobility radeon hd 2600 xt,191
1021,mobility radeon hd 3400 serisi,111
1022,mobility radeon hd 3410,62
1023,mobility radeon hd 3430,98
1024,mobility radeon hd 3450,91
1025,mobility radeon hd 3470,93
1026,mobility radeon hd 3470 hybrid x2,93
1027,mobility radeon hd 3650,141
1028,mobility radeon hd 3670,232
1029,mobility radeon hd 3850,365
1030,mobility radeon hd 3870,547
1031,mobility radeon hd 3870 x2,477
1032,mobility radeon hd 4200,90
1033,mobility radeon hd 4225,66
1034,mobility radeon hd 4250,98
1035,mobility radeon hd 4270,92
1036,mobility radeon hd 4300 serisi,73
1037,mobility radeon hd 4330,135
1038,mobility radeon hd 4350,148
1039,mobility radeon hd 4550,191
1040,mobility radeon hd 4570,149
1041,mobility radeon hd 4650,401
1042,mobility radeon hd 4670,463
1043,mobility radeon hd 4830,511
1044,mobility radeon hd 4850,866
1045,mobility radeon hd 4870,719
1046,mobility radeon hd 5000,773
1047,mobility radeon hd 5000 serisi,478
1048,mobility radeon hd 5165,284
1049,mobility radeon hd 530v,174
1050,mobility radeon hd 540v,188
1051,mobility radeon hd 5430,181
1052,mobility radeon hd 5450,214
1053,mobility radeon hd 545v,199
1054,mobility radeon hd 5470,236
1055,mobility radeon hd 550v,266
1056,mobility radeon hd 5570,525
1057,mobility radeon hd 560v,318
1058,mobility radeon hd 5650,442
1059,mobility radeon hd 565v,353
1060,mobility radeon hd 5730,507
1061,mobility radeon hd 5850,763
1062,mobility radeon hd 5870,1088
1063,mobility radeon hd serie 4200,96
1064,mobility radeon x1300,39
1065,mobility radeon x1350,39
1066,mobility radeon x1400,42
1067,mobility radeon x1450,33
1068,mobility radeon x1600,92
1069,mobility radeon x1700,104
1070,mobility radeon x1800,130
1071,mobility radeon x1900,134
1072,mobility radeon x2300,48
1073,mobility radeon x2300 hd,48
1074,mobility radeon x2500,81
1075,mobility radeon x300,33
1076,mobility radeon x600,50
1077,mobility radeon x600 se,49
1078,mobility radeon x700,66
1079,mobility radeon x700 xl,59
1080,mobility radeon xpress 200,27
1081,mobility radeon hd 5470,215
1082,mobility radeon 9000,4
1083,monster geforce gtx 675m,2637
1084,moore threads s3000 mtvgpu 1132,1997
1085,mxgpu,1282
1086,n16p gx,1204
1087,n18e q1,2525
1088,nforce 750a sli,83
1089,nforce 760i sli,140
1090,nforce 780a sli,92
1091,nforce 980a 780a sli,164
1092,nv44,15
1093,a10,22064
1094,a10 4q,2756
1095,a10g,17660
1096,a40,13900
1097,a40 12q,4335
1098,a40 4q,4240
1099,a40 8q,4681
1100,geforce3 ti200,5
1101,titan x,13659
1102,titan xp,18750
1103,nvs 2100m,139
1104,nvs 300,121
1105,nvs 310,273
1106,nvs 3100m,119
1107,nvs 315,324
1108,nvs 4200m,300
1109,nvs 510,682
1110,nvs 5100m,199
1111,nvs 5200m,504
1112,nvs 5400m,614
1113,nvs 810,1188
1114,opal xt gl,1053
1115,p102 100,2911
1116,p104 100,3614
1117,p106 090,2404
1118,p106 100,6755
1119,parsec virtual display adapter,15007
1120,parsec virtual display adapter ryzen 5 5600gt,2712
1121,pci ven 1002 dev 164e subsys d0001458 rev c3 ryzen,1653
1122,pci ven 1002 dev 164e subsys d0001458 rev c7 ryzen,1642
1123,phdgd ivy 4,374
1124,phdgd ivy 5,445
1125,phdgd quantic c3,116
1126,phdgd sapphire gr for mobile 965,25
1127,phdgd solo 1 2 0 x86,11
1128,phdgd solo 2 x64,20
1129,q12u 1,5164
1130,quadro 1000m,558
1131,quadro 1100m,755
1132,quadro 2000,947
1133,quadro 2000 d,1239
1134,quadro 2000d,976
1135,quadro 2000m,776
1136,quadro 2100m,1100
1137,quadro 280 nvs pcie,5
1138,quadro 3000m,999
1139,quadro 400,148
1140,quadro 4000,1474
1141,quadro 4000m,1287
1142,quadro 410,438
1143,quadro 5000,1961
1144,quadro 5000m,2059
1145,quadro 500m,570
1146,quadro 5010m,1691
1147,quadro 600,525
1148,quadro 6000,2687
1149,quadro 7000,3505
1150,quadro cx,947
1151,quadro fx 1000,34
1152,quadro fx 1100,35
1153,quadro fx 1300,34
1154,quadro fx 1400,124
1155,quadro fx 1500,169
1156,quadro fx 1500m,171
1157,quadro fx 1600m,231
1158,quadro fx 1700,207
1159,quadro fx 1700m,172
1160,quadro fx 1800,402
1161,quadro fx 1800m,494
1162,quadro fx 2000,18
1163,quadro fx 2500m,217
1164,quadro fx 2700,543
1165,quadro fx 2700m,366
1166,quadro fx 2800m,414
1167,quadro fx 3000,69
1168,quadro fx 3400 4400,104
1169,quadro fx 3450,148
1170,quadro fx 3450 4000 sdi,179
1171,quadro fx 350,85
1172,quadro fx 3500,265
1173,quadro fx 3500m,306
1174,quadro fx 350m,44
1175,quadro fx 3600m,466
1176,quadro fx 360m,86
1177,quadro fx 370,83
1178,quadro fx 370 low profile,102
1179,quadro fx 370 lp,108
1180,quadro fx 3700,372
1181,quadro fx 3700m,450
1182,quadro fx 370m,93
1183,quadro fx 380,173
1184,quadro fx 380 lp,144
1185,quadro fx 3800,827
1186,quadro fx 3800m,574
1187,quadro fx 380m,120
1188,quadro fx 4000,101
1189,quadro fx 4500,227
1190,quadro fx 4500 x2,236
1191,quadro fx 4600,410
1192,quadro fx 4700 x2,676
1193,quadro fx 4800,1000
1194,quadro fx 500 600 pci,14
1195,quadro fx 500 fx 600,7
1196,quadro fx 540,80
1197,quadro fx 550,63
1198,quadro fx 5500,242
1199,quadro fx 560,113
1200,quadro fx 5600,525
1201,quadro fx 570,248
1202,quadro fx 570m,99
1203,quadro fx 580,176
1204,quadro fx 5800,1210
1205,quadro fx 770m,220
1206,quadro fx 880m,230
1207,quadro fx go1400,101
1208,quadro gp100,14953
1209,quadro gv100,19649
1210,quadro k1000m,769
1211,quadro k1100m,1087
1212,quadro k1200,2959
1213,quadro k2000,1578
1214,quadro k2000d,1590
1215,quadro k2000m,1001
1216,quadro k2100m,1367
1217,quadro k2200,3577
1218,quadro k2200m,3497
1219,quadro k3000m,1648
1220,quadro k3100m,2261
1221,quadro k4000,2723
1222,quadro k4000m,2010
1223,quadro k4100m,2763
1224,quadro k420,732
1225,quadro k4200,4332
1226,quadro k5000,3970
1227,quadro k5000m,2804
1228,quadro k5100m,3219
1229,quadro k510m,641
1230,quadro k5200,6145
1231,quadro k600,726
1232,quadro k6000,8055
1233,quadro k610m,713
1234,quadro k620,2220
1235,quadro k620m,1163
1236,quadro m1000m,2840
1237,quadro m1200,3207
1238,quadro m2000,4019
1239,quadro m2000m,3437
1240,quadro m2200,4276
1241,quadro m3000m,5544
1242,quadro m4000,6679
1243,quadro m4000m,6135
1244,quadro m5000,9445
1245,quadro m5000m,7052
1246,quadro m500m,1177
1247,quadro m520,1891
1248,quadro m5500,7915
1249,quadro m6000,11780
1250,quadro m6000 24gb,11782
1251,quadro m600m,2223
1252,quadro m620,2782
1253,quadro nvs 110m,47
1254,quadro nvs 120m,46
1255,quadro nvs 130m,97
1256,quadro nvs 135m,50
1257,quadro nvs 140m,78
1258,quadro nvs 150m,70
1259,quadro nvs 160m,145
1260,quadro nvs 210s,23
1261,quadro nvs 210s geforce 6150le,20
1262,quadro nvs 280 pci,8
1263,quadro nvs 280 sd,2
1264,quadro nvs 285,43
1265,quadro nvs 285 128mb,38
1266,quadro nvs 290,228
1267,quadro nvs 295,109
1268,quadro nvs 320m,208
1269,quadro nvs 420,120
1270,quadro nvs 440,37
1271,quadro nvs 450,66
1272,quadro nvs 510m,238
1273,quadro nvs 55 280 pci,6
1274,quadro p1000,4510
1275,quadro p2000,6958
1276,quadro p2000 with max q design,5263
1277,quadro p2200,9358
1278,quadro p3000,6477
1279,quadro p3200,8582
1280,quadro p3200 with max q design,9078
1281,quadro p400,1654
1282,quadro p4000,11466
1283,quadro p4000 with max q design,9082
1284,quadro p4200,10566
1285,quadro p4200 with max q design,11703
1286,quadro p500,1647
1287,quadro p5000,12637
1288,quadro p520,2052
1289,quadro p5200,11781
1290,quadro p5200 with max q design,12308
1291,quadro p600,3321
1292,quadro p6000,15378
1293,quadro p620,3671
1294,quadro rtx 3000,10948
1295,quadro rtx 3000 with max q design,8143
1296,quadro rtx 4000,15180
1297,quadro rtx 4000,11721
1298,quadro rtx 4000 with max q design,12479
1299,quadro rtx 5000,15602
1300,quadro rtx 5000,14832
1301,quadro rtx 5000 with max q design,12980
1302,quadro rtx 6000,18226
1303,quadro rtx 8000,19798
1304,quadro t1000,6483
1305,quadro t1000 with max q design,6736
1306,quadro t2000,7265
1307,quadro t2000 with max q design,6868
1308,quadro2 mxr ex,4
1309,quadro2 pro,1
1310,quadro4 380 xgl,6
1311,quadro4 900 xgl,4
1312,quadro4 980 xgl,5
1313,qualcomm adreno 540,126
1314,qualcomm adreno 618,127
1315,qualcomm adreno 630,281
1316,qualcomm adreno 675,539
1317,qualcomm adreno 680,884
1318,qualcomm adreno 685,975
1319,qualcomm adreno 690,1052
1320,qualcomm adreno 7c gen 3,763
1321,qualcomm adreno 7c gen 3,672
1322,qualcomm adreno 8cx gen 3,1960
1323,qualcomm adreno 8cx gen 3,1909
1324,qualcomm adreno x1 45,1834
1325,qualcomm adreno x1 85,2979
1326,qxl kmdod,18
1327,radeon 2100,59
1328,radeon 3000,98
1329,radeon 3015e,370
1330,radeon 3020e,480
1331,radeon 3100,73
1332,radeon 520,869
1333,radeon 530,1031
1334,radeon 535,1074
1335,radeon 535dx,773
1336,radeon 540,1410
1337,radeon 540x,1498
1338,radeon 550,2123
1339,radeon 550x,1419
1340,radeon 610m,1103
1341,radeon 610m ryzen 9 7845hx,11463
1342,radeon 610m ryzen 9 7940hx,1560
1343,radeon 610m ryzen 9 7945hx,1621
1344,radeon 610m ryzen 9 7945hx3d,1657
1345,radeon 620,944
1346,radeon 625,1073
1347,radeon 630,1558
1348,radeon 6600m,532
1349,radeon 660m,3280
1350,radeon 660m ryzen 3 7335u,2248
1351,radeon 660m ryzen 5 6600h,4461
1352,radeon 660m ryzen 5 7535hs,2974
1353,radeon 6750m,911
1354,radeon 680m,4593
1355,radeon 680m ryzen 7 7735hs,4331
1356,radeon 680m ryzen 9 6900hx,5613
1357,radeon 7000 radeon ve,2
1358,radeon 7000 radeon ve family,3
1359,radeon 7200,2
1360,radeon 740m,3172
1361,radeon 7500,3
1362,radeon 7500 family,4
1363,radeon 760m,5536
1364,radeon 780m,6959
1365,radeon 8050s,15773
1366,radeon 8060s,17677
1367,radeon 840m,3908
1368,radeon 8500 family,6
1369,radeon 860m,4810
1370,radeon 880m,7681
1371,radeon 890m,8315
1372,radeon 9000,4
1373,radeon 9000 family,3
1374,radeon 9100 family,6
1375,radeon 9100 igp,5
1376,radeon 9200,3
1377,radeon 9200 le family,2
1378,radeon 9200 pro family,2
1379,radeon 9200 se,2
1380,radeon 9250,2
1381,radeon 9500,36
1382,radeon 9500 pro 9700,41
1383,radeon 9550,34
1384,radeon 9550 x1050,29
1385,radeon 9600 family,25
1386,radeon 9600 pro,42
1387,radeon 9600 pro family,26
1388,radeon 9600 tx family,18
1389,radeon 9600 xt,35
1390,radeon 9600se,27
1391,radeon 9700 pro,53
1392,radeon 9700 tx w tv out,44
1393,radeon 9800,57
1394,radeon 9800 pro,59
1395,radeon 9800 se,23
1396,radeon 9800 xt,56
1397,radeon a9800xt,22
1398,radeon athlon gold 3150u,774
1399,radeon athlon gold pro 4150ge,1573
1400,radeon athlon pro 3045b,563
1401,radeon athlon silver 3050u,671
1402,radeon e2400,51
1403,radeon e4690,405
1404,radeon e6460,323
1405,radeon e6465,231
1406,radeon e6760,876
1407,radeon e8860,1686
1408,radeon e8870pcie,3368
1409,radeon eng sample 100 000000098 40 39 27 y,1743
1410,radeon eng sample 100 000000144 40 38 38 y,1659
1411,radeon eng sample 100 000000146 20 37 30 y,2123
1412,radeon eng sample 100 000000151 40 38 33 y,1367
1413,radeon eng sample 100 000000252 50 y,2411
1414,radeon epyc 4124p 4 core,1322
1415,radeon epyc 4244p 6 core,1424
1416,radeon epyc 4344p 8 core,1634
1417,radeon epyc 4364p 8 core,1002
1418,radeon epyc 4464p 12 core,1331
1419,radeon epyc 4484px 12 core,1619
1420,radeon epyc 4564p 16 core,1374
1421,radeon epyc 4584px 16 core,1661
1422,radeon hd 2350,76
1423,radeon hd 2400,120
1424,radeon hd 2400 pci,14
1425,radeon hd 2400 pro,114
1426,radeon hd 2400 xt,118
1427,radeon hd 2600 pro,211
1428,radeon hd 2600 pro agp,110
1429,radeon hd 2600 xt,282
1430,radeon hd 2900 gt,292
1431,radeon hd 2900 pro,627
1432,radeon hd 2900 xt,659
1433,radeon hd 3000,95
1434,radeon hd 3200,82
1435,radeon hd 3300,126
1436,radeon hd 3450,182
1437,radeon hd 3470,117
1438,radeon hd 3650 agp,150
1439,radeon hd 3670,168
1440,radeon hd 3850,401
1441,radeon hd 3850 agp,432
1442,radeon hd 3850 x2,822
1443,radeon hd 3870,551
1444,radeon hd 3870 x2,586
1445,radeon hd 4200,111
1446,radeon hd 4250,122
1447,radeon hd 4270,109
1448,radeon hd 4290,140
1449,radeon hd 4300 4500 serisi,155
1450,radeon hd 4330,134
1451,radeon hd 4350,161
1452,radeon hd 4550,235
1453,radeon hd 4650,248
1454,radeon hd 4650 agp,207
1455,radeon hd 4670,381
1456,radeon hd 4770,908
1457,radeon hd 4810,774
1458,radeon hd 4830,844
1459,radeon hd 4850,945
1460,radeon hd 4850 x2,1132
1461,radeon hd 4870,1386
1462,radeon hd 4870 x2,1309
1463,radeon hd 4890,1543
1464,radeon hd 5450,136
1465,radeon hd 5470,268
1466,radeon hd 5550,376
1467,radeon hd 5570,478
1468,radeon hd 5600 5700,615
1469,radeon hd 5670,801
1470,radeon hd 5750,1169
1471,radeon hd 5770,1346
1472,radeon hd 5830,1732
1473,radeon hd 5850,1968
1474,radeon hd 5870,2189
1475,radeon hd 5970,2275
1476,radeon hd 6230,179
1477,radeon hd 6250,93
1478,radeon hd 6290,104
1479,radeon hd 6290m,140
1480,radeon hd 6300m,144
1481,radeon hd 6310,122
1482,radeon hd 6320,147
1483,radeon hd 6320 graphic,216
1484,radeon hd 6320m,198
1485,radeon hd 6350,140
1486,radeon hd 6370d,255
1487,radeon hd 6370m,275
1488,radeon hd 6380g,200
1489,radeon hd 6410d,236
1490,radeon hd 6430m,192
1491,radeon hd 6450,198
1492,radeon hd 6450 8470d dual,762
1493,radeon hd 6450a,260
1494,radeon hd 6470m,225
1495,radeon hd 6480g,256
1496,radeon hd 6480m,353
1497,radeon hd 6490m,377
1498,radeon hd 6520g,299
1499,radeon hd 6530d,337
1500,radeon hd 6550a,707
1501,radeon hd 6550d,400
1502,radeon hd 6570,559
1503,radeon hd 6610m,565
1504,radeon hd 6620g,341
1505,radeon hd 6630m,684
1506,radeon hd 6650a,835
1507,radeon hd 6650m,762
1508,radeon hd 6670,727
1509,radeon hd 6670 6670 dual,646
1510,radeon hd 6670 7660d dual,1492
1511,radeon hd 6670 7670,945
1512,radeon hd 6700m,1016
1513,radeon hd 6750,1048
1514,radeon hd 6750m,937
1515,radeon hd 6770,1263
1516,radeon hd 6770m,964
1517,radeon hd 6790,1545
1518,radeon hd 6800m,766
1519,radeon hd 6850,1946
1520,radeon hd 6850 x2,2534
1521,radeon hd 6870,2205
1522,radeon hd 6900m,1701
1523,radeon hd 6950,2590
1524,radeon hd 6970,2842
1525,radeon hd 6970m,2270
1526,radeon hd 6990,3013
1527,radeon hd 7290,111
1528,radeon hd 7290m,123
1529,radeon hd 7310,128
1530,radeon hd 7310 carte graphique,174
1531,radeon hd 7310g,180
1532,radeon hd 7310m,166
1533,radeon hd 7340,153
1534,radeon hd 7340g,196
1535,radeon hd 7340m,221
1536,radeon hd 7350,165
1537,radeon hd 7400g,267
1538,radeon hd 7420g,305
1539,radeon hd 7450,223
1540,radeon hd 7450a,288
1541,radeon hd 7450m,329
1542,radeon hd 7470,289
1543,radeon hd 7470m,407
1544,radeon hd 7480d,281
1545,radeon hd 7500g,310
1546,radeon hd 7500g 7500m 7600m dual,616
1547,radeon hd 7500g 7550m dual,497
1548,radeon hd 7500g hd 7500m 7600m dual,355
1549,radeon hd 7520g,314
1550,radeon hd 7520g 7400m dual,486
1551,radeon hd 7520g 7470m dual,542
1552,radeon hd 7520g 7500 7600 dual,582
1553,radeon hd 7520g 7600m dual,591
1554,radeon hd 7520g 7610m dual,588
1555,radeon hd 7520g 7650m dual,453
1556,radeon hd 7520g 7670m dual,523
1557,radeon hd 7520g 7700m dual,1060
1558,radeon hd 7520g 8600 8700m dual,311
1559,radeon hd 7520g 8750m dual,376
1560,radeon hd 7520g hd 7400m dual,544
1561,radeon hd 7520g hd 7500 7600 dual,832
1562,radeon hd 7520g hd 7600m dual,447
1563,radeon hd 7520g hd 7670m dual,495
1564,radeon hd 7520g hd 7700m dual,574
1565,radeon hd 7520g hd 8600 8700m dual,623
1566,radeon hd 7520g hd 8750m dual,651
1567,radeon hd 7520g n hd 7520g hd 7500 7600 7500 760,574
1568,radeon hd 7520g n hd 7520g hd 7600m n hd 7600m d,364
1569,radeon hd 7540d,333
1570,radeon hd 7540d 6570 dual,719
1571,radeon hd 7540d 7500 dual,821
1572,radeon hd 7540d hd 6450 dual,643
1573,radeon hd 7550m,464
1574,radeon hd 7550m 7650m,728
1575,radeon hd 7560d,451
1576,radeon hd 7560d 6450 dual,568
1577,radeon hd 7560d 6570 dual,833
1578,radeon hd 7560d 6670 dual,1130
1579,radeon hd 7560d 7560d dual,982
1580,radeon hd 7560d 7570 dual,985
1581,radeon hd 7560d 7670 dual,1426
1582,radeon hd 7560d 7700 dual,1919
1583,radeon hd 7560d hd 6570 dual,1237
1584,radeon hd 7560d hd 6670 dual,1554
1585,radeon hd 7560d hd 7000 dual,534
1586,radeon hd 7560d hd 7600 dual,1258
1587,radeon hd 7560d hd 7670 dual,1380
1588,radeon hd 7560d hd 7700 dual,1346
1589,radeon hd 7560d hd 8570 dual,935
1590,radeon hd 7560d r5 235 dual,563
1591,radeon hd 7570,614
1592,radeon hd 7570m,427
1593,radeon hd 7570m hd 7670m,699
1594,radeon hd 7580d,350
1595,radeon hd 7600g,332
1596,radeon hd 7600g 6400m dual,376
1597,radeon hd 7600g 7450m dual,389
1598,radeon hd 7600g 7500m 7600m dual,405
1599,radeon hd 7600g 7550m dual,423
1600,radeon hd 7600g 8500m 8700m dual,333
1601,radeon hd 7600g hd 7400m dual,328
1602,radeon hd 7600g hd 7500m 7600m dual,476
1603,radeon hd 7600g hd 7550m dual,509
1604,radeon hd 7600g hd 8670m dual,543
1605,radeon hd 7600g hd dual,435
1606,radeon hd 7600g n hd 7600g hd on hd dual,526
1607,radeon hd 7600m 7600m dual,773
1608,radeon hd 7610m,632
1609,radeon hd 7620g,364
1610,radeon hd 7620g 8600m dual,508
1611,radeon hd 7620g 8670m dual,577
1612,radeon hd 7620g hd 8600m dual,442
1613,radeon hd 7620g hd 8670m dual,507
1614,radeon hd 7620g n hd 7620g hd 8600m n hd 8600m d,451
1615,radeon hd 7640g,456
1616,radeon hd 7640g 6400m dual,526
1617,radeon hd 7640g 7400m dual,637
1618,radeon hd 7640g 7450m dual,754
1619,radeon hd 7640g 7470m dual,595
1620,radeon hd 7640g 7500 7600 dual,627
1621,radeon hd 7640g 7500m 7600m dual,775
1622,radeon hd 7640g 7600m dual,705
1623,radeon hd 7640g 7610m dual,510
1624,radeon hd 7640g 7650m dual,747
1625,radeon hd 7640g 7670m dual,644
1626,radeon hd 7640g 7690m dual,945
1627,radeon hd 7640g 7700m dual,690
1628,radeon hd 7640g 8500m dual,585
1629,radeon hd 7640g 8570m dual,558
1630,radeon hd 7640g 8600 8700m dual,688
1631,radeon hd 7640g 8600m dual,249
1632,radeon hd 7640g 8670m dual,558
1633,radeon hd 7640g 8750m dual,654
1634,radeon hd 7640g hd 7400m dual,576
1635,radeon hd 7640g hd 7500 7600 dual,423
1636,radeon hd 7640g hd 7600m dual,704
1637,radeon hd 7640g hd 7600m n hd 7600m dual,406
1638,radeon hd 7640g hd 7670m dual,518
1639,radeon hd 7640g hd 7700m dual,589
1640,radeon hd 7640g hd 7700m n hd 7700m dual,630
1641,radeon hd 7640g hd 8500m dual,607
1642,radeon hd 7640g hd 8500m n hd 8500m dual,665
1643,radeon hd 7640g hd 8570m dual,474
1644,radeon hd 7640g hd 8600 8700m dual,586
1645,radeon hd 7640g hd 8670m dual,677
1646,radeon hd 7640g hd 8750m dual,996
1647,radeon hd 7640g r5 m200 dual,559
1648,radeon hd 7640g n hd 7640g hd 7600m n hd 7600m d,824
1649,radeon hd 7640g n hd 7640g hd 7670m dual,679
1650,radeon hd 7640g n hd 7640g hd 8570m dual,422
1651,radeon hd 7650a,566
1652,radeon hd 7650m,436
1653,radeon hd 7660d,510
1654,radeon hd 7660d 6570 dual,1100
1655,radeon hd 7660d 6670 dual,1238
1656,radeon hd 7660d 7470 dual,465
1657,radeon hd 7660d 7500 dual,1121
1658,radeon hd 7660d 7540d dual,1204
1659,radeon hd 7660d 7670 dual,1061
1660,radeon hd 7660d hd 6670 dual,1484
1661,radeon hd 7660d hd 7000 dual,633
1662,radeon hd 7660d hd 7400 dual,339
1663,radeon hd 7660d hd 7700 dual,1958
1664,radeon hd 7660d r5 235 dual,523
1665,radeon hd 7660d r7 240 dual,941
1666,radeon hd 7660g,482
1667,radeon hd 7660g 7400m dual,588
1668,radeon hd 7660g 7470m dual,630
1669,radeon hd 7660g 7600m dual,831
1670,radeon hd 7660g 7610m dual,745
1671,radeon hd 7660g 7670m dual,743
1672,radeon hd 7660g 7700m dual,757
1673,radeon hd 7660g 7730m dual,931
1674,radeon hd 7660g 8600m dual,445
1675,radeon hd 7660g 8670m dual,587
1676,radeon hd 7660g hd 7500 7600 7500 7600 dual,1002
1677,radeon hd 7660g hd 7500 7600 dual,760
1678,radeon hd 7660g hd 7500m 7600m dual,999
1679,radeon hd 7660g hd 7600m dual,568
1680,radeon hd 7660g hd 7600m n hd 7600m dual,460
1681,radeon hd 7660g hd 7670m dual,706
1682,radeon hd 7660g hd 7700m dual,777
1683,radeon hd 7660g hd 7730m dual,881
1684,radeon hd 7660g hd 8500m dual,758
1685,radeon hd 7660g hd 8600 8700m dual,747
1686,radeon hd 7660g hd 8600m dual,363
1687,radeon hd 7660g hd 8670m dual,711
1688,radeon hd 7660g n hd 7660g hd 7600m n hd 7600m d,722
1689,radeon hd 7660g n hd 7660g hd 7670m dual,704
1690,radeon hd 7660g n hd 7660g hd 7700m n hd 7700m d,966
1691,radeon hd 7670,817
1692,radeon hd 7670a,1050
1693,radeon hd 7670m,473
1694,radeon hd 7670m 7670m dual,738
1695,radeon hd 7690m,847
1696,radeon hd 7690m xt,1009
1697,radeon hd 7700 serie,1899
1698,radeon hd 7730,1188
1699,radeon hd 7730m,780
1700,radeon hd 7750,1699
1701,radeon hd 7750m,1191
1702,radeon hd 7770,2174
1703,radeon hd 7790,3090
1704,radeon hd 7800 serie,4029
1705,radeon hd 7850,3888
1706,radeon hd 7850m,1372
1707,radeon hd 7870,4598
1708,radeon hd 7870 xt,4469
1709,radeon hd 7870m,1507
1710,radeon hd 7950 r9 280,4764
1711,radeon hd 7970 r9 280x,5247
1712,radeon hd 7970m,3591
1713,radeon hd 7990,5565
1714,radeon hd 8180,134
1715,radeon hd 8210,195
1716,radeon hd 8210e,193
1717,radeon hd 8240,246
1718,radeon hd 8250,212
1719,radeon hd 8280,260
1720,radeon hd 8280e,256
1721,radeon hd 8280g,269
1722,radeon hd 8310e,340
1723,radeon hd 8330,270
1724,radeon hd 8330e,262
1725,radeon hd 8350,162
1726,radeon hd 8350g,258
1727,radeon hd 8370d,316
1728,radeon hd 8400,272
1729,radeon hd 8400e,275
1730,radeon hd 8410g,435
1731,radeon hd 8450g,333
1732,radeon hd 8450g 8600 8700m dual,1070
1733,radeon hd 8450g 8600m dual,545
1734,radeon hd 8450g 8670m dual,474
1735,radeon hd 8450g 8750m dual,637
1736,radeon hd 8450g hd 8600m dual,452
1737,radeon hd 8450g hd 8670m dual,477
1738,radeon hd 8450g hd 8750m dual,503
1739,radeon hd 8450g r5 m230 dual,578
1740,radeon hd 8470,247
1741,radeon hd 8470d,376
1742,radeon hd 8470d 6450 dual,717
1743,radeon hd 8470d 6570 dual,837
1744,radeon hd 8470d hd 6450 dual,862
1745,radeon hd 8470d hd 6670 dual,1435
1746,radeon hd 8470d hd 7500 dual,1545
1747,radeon hd 8490,263
1748,radeon hd 8500m,441
1749,radeon hd 8500m 8700m,852
1750,radeon hd 8510g,372
1751,radeon hd 8510g 8500m dual,596
1752,radeon hd 8510g hd 8500m dual,629
1753,radeon hd 8550d,566
1754,radeon hd 8550g,417
1755,radeon hd 8550g 7600m dual,901
1756,radeon hd 8550g 8500m dual,602
1757,radeon hd 8550g 8570m dual,532
1758,radeon hd 8550g 8600 8700m dual,802
1759,radeon hd 8550g 8600m dual,617
1760,radeon hd 8550g 8670m dual,579
1761,radeon hd 8550g 8690m dual,664
1762,radeon hd 8550g 8750m dual,795
1763,radeon hd 8550g hd 7600m dual,547
1764,radeon hd 8550g hd 8500m dual,558
1765,radeon hd 8550g hd 8570m dual,529
1766,radeon hd 8550g hd 8600 8700m dual,654
1767,radeon hd 8550g hd 8600m dual,593
1768,radeon hd 8550g hd 8670m dual,546
1769,radeon hd 8550g hd 8750m dual,819
1770,radeon hd 8550g r5 m200 dual,619
1771,radeon hd 8550g r5 m230 dual,487
1772,radeon hd 8550g n hd 8550g hd 8600m n hd 8600m d,611
1773,radeon hd 8570,944
1774,radeon hd 8570 8670d dual,620
1775,radeon hd 8570 hd 7660d dual,949
1776,radeon hd 8570d,432
1777,radeon hd 8570d 6570 dual,1239
1778,radeon hd 8570d 6670 dual,1039
1779,radeon hd 8570d hd 6570 dual,868
1780,radeon hd 8570d hd 6670 dual,1260
1781,radeon hd 8570d hd 7000 dual,753
1782,radeon hd 8570d hd 7700 dual,1834
1783,radeon hd 8570d hd 8470 dual,338
1784,radeon hd 8570d hd 8570 dual,1032
1785,radeon hd 8570d hd8490 dual,374
1786,radeon hd 8570d r5 235 dual,470
1787,radeon hd 8570d r7 200 dual,999
1788,radeon hd 8570d r7 240 dual,963
1789,radeon hd 8570m,449
1790,radeon hd 8600 8700m,1029
1791,radeon hd 8610g,405
1792,radeon hd 8610g 8500m dual,610
1793,radeon hd 8610g 8600m dual,588
1794,radeon hd 8610g 8670m dual,599
1795,radeon hd 8610g hd 8500m dual,645
1796,radeon hd 8610g hd 8600m dual,480
1797,radeon hd 8610g hd 8670m dual,577
1798,radeon hd 8610g r5 m200 dual,676
1799,radeon hd 8650d,396
1800,radeon hd 8650g,515
1801,radeon hd 8650g 7600m dual,741
1802,radeon hd 8650g 7670m dual,883
1803,radeon hd 8650g 7700m dual,1126
1804,radeon hd 8650g 8500m dual,626
1805,radeon hd 8650g 8570m dual,654
1806,radeon hd 8650g 8600 8700m dual,831
1807,radeon hd 8650g 8600m dual,613
1808,radeon hd 8650g 8670m dual,635
1809,radeon hd 8650g 8750m dual,786
1810,radeon hd 8650g hd 7600m dual,819
1811,radeon hd 8650g hd 7670m dual,634
1812,radeon hd 8650g hd 8570m dual,716
1813,radeon hd 8650g hd 8600 8700m dual,763
1814,radeon hd 8650g hd 8600m dual,606
1815,radeon hd 8650g hd 8600m n hd 8600m dual,757
1816,radeon hd 8650g hd 8670m dual,585
1817,radeon hd 8650g hd 8750m dual,651
1818,radeon hd 8650g hd 8790m dual,799
1819,radeon hd 8650g r5 m200 dual,722
1820,radeon hd 8650g r5 m230 dual,686
1821,radeon hd 8650g n hd 8650g hd 8570m dual,773
1822,radeon hd 8650g n hd 8650g hd 8600 8700m dual,796
1823,radeon hd 8650g n hd 8650g hd 8600m n hd 8600m d,679
1824,radeon hd 8670d,536
1825,radeon hd 8670d 6670 dual,1361
1826,radeon hd 8670d 7000 dual,811
1827,radeon hd 8670d 7700 dual,1788
1828,radeon hd 8670d 8570 dual,974
1829,radeon hd 8670d hd 6670 dual,1221
1830,radeon hd 8670d hd 7000 dual,718
1831,radeon hd 8670d hd 7600 dual,1317
1832,radeon hd 8670d hd 7700 dual,1892
1833,radeon hd 8670d r5 235 dual,836
1834,radeon hd 8670d r5 330 dual,746
1835,radeon hd 8670d r7 200 dual,949
1836,radeon hd 8670d r7 240 dual,1020
1837,radeon hd 8670d n hd 8670d hd 8670d dual,488
1838,radeon hd 8670m,520
1839,radeon hd 8690a,511
1840,radeon hd 8690m,984
1841,radeon hd 8730m,809
1842,radeon hd 8750m,1037
1843,radeon hd 8790m,1305
1844,radeon hd 8790m r9 m290x,1210
1845,radeon hd 8850m,973
1846,radeon hd 8850m r9 m265x,1139
1847,radeon hd 8870m,1638
1848,radeon hd 8870m r9 m270x m370x,1799
1849,radeon hd 8950,2825
1850,radeon hd 8970m,3876
1851,radeon hd 8990,5214
1852,radeon hd hd7850m,1651
1853,radeon hd4650,239
1854,radeon hd4670,365
1855,radeon hd6370d,320
1856,radeon hd6410d,422
1857,radeon hd6530d,531
1858,radeon hd7450,199
1859,radeon hd8530m,490
1860,radeon hd8970m,3368
1861,radeon hdg 4670,170
1862,radeon igp 320,3
1863,radeon igp 320m,3
1864,radeon igp 340m,2
1865,radeon igp 345m,2
1866,radeon igp 34xm,1
1867,radeon igp 350m,6
1868,radeon infoshock 3000,106
1869,radeon instinct mi25 mxgpu,4403
1870,radeon m535dx,749
1871,radeon pro,2365
1872,radeon pro 450,2722
1873,radeon pro 455,3112
1874,radeon pro 460,3452
1875,radeon pro 465,4537
1876,radeon pro 5300,7125
1877,radeon pro 5300m,5921
1878,radeon pro 5500 xt,7881
1879,radeon pro 5500m,6729
1880,radeon pro 555,3140
1881,radeon pro 560,3475
1882,radeon pro 5600m,9278
1883,radeon pro 560x,3677
1884,radeon pro 570,6336
1885,radeon pro 5700,11582
1886,radeon pro 5700 xt,12546
1887,radeon pro 580,7753
1888,radeon pro 580x,7540
1889,radeon pro duo,8298
1890,radeon pro ryzen 5 pro 6650u,4066
1891,radeon pro ryzen 7 pro 6850u,5582
1892,radeon pro ssg,10971
1893,radeon pro v340 mxgpu,2853
1894,radeon pro v520 mxgpu,12257
1895,radeon pro v620 mxgpu,15632
1896,radeon pro vega 16,4809
1897,radeon pro vega 20,5039
1898,radeon pro vega 48,11284
1899,radeon pro vega 56,12353
1900,radeon pro vega 64,12890
1901,radeon pro vega 64x,13369
1902,radeon pro vega ii,15596
1903,radeon pro vega ii duo,14018
1904,radeon pro vii,13098
1905,radeon pro w5500,8977
1906,radeon pro w5500m,3469
1907,radeon pro w5500x,7350
1908,radeon pro w5700,14519
1909,radeon pro w6300,5559
1910,radeon pro w6400,8044
1911,radeon pro w6600,15370
1912,radeon pro w6600m,11287
1913,radeon pro w6600x,13113
1914,radeon pro w6800,20089
1915,radeon pro w7500,13350
1916,radeon pro w7600,16298
1917,radeon pro w7700,23215
1918,radeon pro w7800,27499
1919,radeon pro w7900,28616
1920,radeon pro wx 2100,1875
1921,radeon pro wx 3100,2624
1922,radeon pro wx 3200,2288
1923,radeon pro wx 4100,3687
1924,radeon pro wx 4130,1995
1925,radeon pro wx 4150,2574
1926,radeon pro wx 4170,2869
1927,radeon pro wx 5100,5493
1928,radeon pro wx 7100,7767
1929,radeon pro wx 7130,6779
1930,radeon pro wx 8200,12805
1931,radeon pro wx 9100,12213
1932,radeon pro wx vega m gl,4814
1933,radeon r1e,301
1934,radeon r2,250
1935,radeon r2e,208
1936,radeon r3,312
1937,radeon r3e,224
1938,radeon r4,342
1939,radeon r4e,487
1940,radeon r5 220,147
1941,radeon r5 230,221
1942,radeon r5 235,336
1943,radeon r5 235 hd 7560d dual,743
1944,radeon r5 235 hd 8570d dual,737
1945,radeon r5 235x,277
1946,radeon r5 240,552
1947,radeon r5 310,331
1948,radeon r5 330,522
1949,radeon r5 340,935
1950,radeon r5 420,574
1951,radeon r5 430,893
1952,radeon r5 435,761
1953,radeon r5 a10 9600p 4c 6g,619
1954,radeon r5 a10 9600p radeon r5 10 compute cores 4c,705
1955,radeon r5 a10 9620p 4c 6g,731
1956,radeon r5 a10 9620p radeon r5 10 compute cores 4c,656
1957,radeon r5 a10 9630p 4c 6g,977
1958,radeon r5 a10 9630p radeon r5 10 compute cores 4c,734
1959,radeon r5 a240,576
1960,radeon r5 a6 7480,704
1961,radeon r5 a6 8500p,586
1962,radeon r5 a6 9400 radeon r5 6 compute cores 2c 4g,605
1963,radeon r5 a6 9500 2c 6g,853
1964,radeon r5 a6 9500 radeon r5 8 compute cores 2c 6g,924
1965,radeon r5 a6 9500e 2c 4g,1014
1966,radeon r5 a6 9500e radeon r5 6 compute cores 2c 4,692
1967,radeon r5 m230,421
1968,radeon r5 m240,474
1969,radeon r5 m255,544
1970,radeon r5 m315,478
1971,radeon r5 m320,467
1972,radeon r5 m330,595
1973,radeon r5 m335,548
1974,radeon r5 m420,503
1975,radeon r5 m430,648
1976,radeon r5 m435,854
1977,radeon r5 opteron x3216,415
1978,radeon r5 pro a10 8730b 4c 6g,695
1979,radeon r5 pro a10 8730b r5 10 compute cores 4c 6g,602
1980,radeon r5 pro a6 8500b 2c 4g,508
1981,radeon r5 pro a6 8500b r5 6 compute cores 2c 4g,478
1982,radeon r5 pro a6 8530b 2c 4g,689
1983,radeon r5 pro a6 8530b r5 6 compute cores 2c 4g,463
1984,radeon r5 pro a6 8570 2c 6g,847
1985,radeon r5 pro a6 8570 r5 8 compute cores 2c 6g,978
1986,radeon r5 pro a6 8570e 2c 4g,637
1987,radeon r5 pro a6 8570e r5 6 compute cores 2c 4g,662
1988,radeon r5 pro a6 9500 2c 6g,1096
1989,radeon r5 pro a6 9500 r5 8 compute cores 2c 6g,793
1990,radeon r5 pro a6 9500b 2c 4g,693
1991,radeon r5 pro a6 9500b r5 6 compute cores 2c 4g,408
1992,radeon r5 pro a6 9500e 2c 4g,770
1993,radeon r5 pro a8 9600b 4c 6g,658
1994,radeon r5 pro a8 9600b r5 10 compute cores 4c 6g,578
1995,radeon r5e,315
1996,radeon r6,611
1997,radeon r6 r7 m265dx dual,570
1998,radeon r6 a10 8700p,541
1999,radeon r6 a10 9600p 4c 6g,970
2000,radeon r6 a8 8600p,474
2001,radeon r6 m255dx,605
2002,radeon r6 opteron x3418,955
2003,radeon r6 pro a10 8700b 4c 6g,538
2004,radeon r6 pro a10 8700b r6 10 compute cores 4c 6g,543
2005,radeon r6 pro a8 8600b 4c 6g,531
2006,radeon r6 pro a8 8600b r6 10 compute cores 4c 6g,613
2007,radeon r7 hd 7700 dual,1962
2008,radeon r7 r5 330 dual,1028
2009,radeon r7 r5 340 dual,1234
2010,radeon r7 r5 435 dual a10 9700 radeon,885
2011,radeon r7 r5 dual,897
2012,radeon r7 r7 200 dual,1077
2013,radeon r7 r7 240 dual,1045
2014,radeon r7 r7 250 dual,1232
2015,radeon r7 r7 350 dual,1982
2016,radeon r7 8g,1190
2017,radeon r7 240,900
2018,radeon r7 240 hd 8570d dual,917
2019,radeon r7 240 hd 8670d dual,930
2020,radeon r7 250,1055
2021,radeon r7 250x,2268
2022,radeon r7 260,2891
2023,radeon r7 260x,3190
2024,radeon r7 340,1000
2025,radeon r7 360,3135
2026,radeon r7 370,4486
2027,radeon r7 430,1095
2028,radeon r7 450,1887
2029,radeon r7 7850a10 7850k,551
2030,radeon r7 a10 extreme edition,821
2031,radeon r7 a10 pro 7800b,741
2032,radeon r7 a10 pro 7850b,822
2033,radeon r7 a10 7700k,785
2034,radeon r7 a10 7800,728
2035,radeon r7 a10 7850k,944
2036,radeon r7 a10 7860k,904
2037,radeon r7 a10 7870k,1094
2038,radeon r7 a10 7890k,1001
2039,radeon r7 a10 8750,856
2040,radeon r7 a10 8850,773
2041,radeon r7 a10 9700 radeon,892
2042,radeon r7 a10 9700e radeon,872
2043,radeon r7 a12 9700p radeon,712
2044,radeon r7 a12 9720p radeon,723
2045,radeon r7 a12 9730p radeon,1014
2046,radeon r7 a12 9800 radeon,1048
2047,radeon r7 a12 9800e radeon,913
2048,radeon r7 a265,993
2049,radeon r7 a360,607
2050,radeon r7 a365,781
2051,radeon r7 a370,1281
2052,radeon r7 a8 pro 7600b,667
2053,radeon r7 a8 7500,860
2054,radeon r7 a8 7500 4c 6g,853
2055,radeon r7 a8 7600,776
2056,radeon r7 a8 7650k,752
2057,radeon r7 a8 7670k,846
2058,radeon r7 a8 7680,793
2059,radeon r7 a8 8650,912
2060,radeon r7 a8 9600 radeon,838
2061,radeon r7 fx 8800p,815
2062,radeon r7 fx 9800p radeon,752
2063,radeon r7 fx 9830p radeon,1368
2064,radeon r7 g,869
2065,radeon r7 m260,524
2066,radeon r7 m260dx,816
2067,radeon r7 m260x,1002
2068,radeon r7 m265,536
2069,radeon r7 m265dx,498
2070,radeon r7 m270,766
2071,radeon r7 m340,647
2072,radeon r7 m350,1159
2073,radeon r7 m360,585
2074,radeon r7 m365x,823
2075,radeon r7 m370,1417
2076,radeon r7 m380,1668
2077,radeon r7 m440,899
2078,radeon r7 m445,939
2079,radeon r7 m460,1053
2080,radeon r7 m465,1135
2081,radeon r7 m465x,1786
2082,radeon r7 opteron x3421,1135
2083,radeon r7 pro a10 8750b,776
2084,radeon r7 pro a10 8770,917
2085,radeon r7 pro a10 8770e,804
2086,radeon r7 pro a10 8850b,945
2087,radeon r7 pro a10 9700,809
2088,radeon r7 pro a10 9700b,628
2089,radeon r7 pro a10 9700e,925
2090,radeon r7 pro a12 8800b,619
2091,radeon r7 pro a12 8830b,579
2092,radeon r7 pro a12 8870,931
2093,radeon r7 pro a12 8870e,875
2094,radeon r7 pro a12 9800,939
2095,radeon r7 pro a12 9800b,697
2096,radeon r7 pro a12 9800e,971
2097,radeon r7 pro a6 9500 2c 6g,781
2098,radeon r7 pro a8 8650b,723
2099,radeon r7 pro a8 8670e,1162
2100,radeon r7 pro a8 9600,837
2101,radeon r7e,564
2102,radeon r8 m365dx,647
2103,radeon r8 m445dx,796
2104,radeon r8 m535dx,670
2105,radeon r9 255,1501
2106,radeon r9 260,3047
2107,radeon r9 270,4306
2108,radeon r9 270 r7 370,4259
2109,radeon r9 270x,4872
2110,radeon r9 280,5539
2111,radeon r9 280x,6110
2112,radeon r9 285 380,5549
2113,radeon r9 290,8195
2114,radeon r9 290 390,8150
2115,radeon r9 290x,8451
2116,radeon r9 290x 390x,8380
2117,radeon r9 295x2,8681
2118,radeon r9 350,1988
2119,radeon r9 360,3031
2120,radeon r9 370,4722
2121,radeon r9 380,6044
2122,radeon r9 380x,6143
2123,radeon r9 390,8874
2124,radeon r9 390x,9335
2125,radeon r9 fury,9539
2126,radeon r9 fury fury x,9741
2127,radeon r9 fury x,9384
2128,radeon r9 m265x,1158
2129,radeon r9 m270x,1204
2130,radeon r9 m275,1114
2131,radeon r9 m275x,1641
2132,radeon r9 m275x m375,1574
2133,radeon r9 m280x,813
2134,radeon r9 m290x,3217
2135,radeon r9 m295x,5150
2136,radeon r9 m360,1823
2137,radeon r9 m365x,1481
2138,radeon r9 m370x,1553
2139,radeon r9 m375,986
2140,radeon r9 m375x,1733
2141,radeon r9 m380,2773
2142,radeon r9 m385,2060
2143,radeon r9 m385x,1993
2144,radeon r9 m390x,3850
2145,radeon r9 m395,4929
2146,radeon r9 m395x,4889
2147,radeon r9 m470,2330
2148,radeon r9 m470x,3244
2149,radeon r9 m485x,3660
2150,radeon rx 460,4094
2151,radeon rx 470 570,7949
2152,radeon rx 480,8570
2153,radeon rx 5300,7587
2154,radeon rx 5300m,4815
2155,radeon rx 540,2024
2156,radeon rx 550,2684
2157,radeon rx 5500,8792
2158,radeon rx 5500 xt,9085
2159,radeon rx 5500m,5834
2160,radeon rx 550x,2382
2161,radeon rx 560,3668
2162,radeon rx 5600,11725
2163,radeon rx 5600 oem,12210
2164,radeon rx 5600 xt,13456
2165,radeon rx 5600m,8861
2166,radeon rx 560x,3406
2167,radeon rx 5700,14329
2168,radeon rx 5700 xt,16292
2169,radeon rx 5700 xt 50th anniversary,16402
2170,radeon rx 570x,1923
2171,radeon rx 580,8813
2172,radeon rx 580 2048sp,7654
2173,radeon rx 580x,7554
2174,radeon rx 590,9353
2175,radeon rx 6300,5301
2176,radeon rx 6300m,6421
2177,radeon rx 640,2168
2178,radeon rx 6400,7668
2179,radeon rx 6500,7510
2180,radeon rx 6500 xt,9608
2181,radeon rx 6500m,7520
2182,radeon rx 6550m,9736
2183,radeon rx 6600,15097
2184,radeon rx 6600 le,15387
2185,radeon rx 6600 xt,16467
2186,radeon rx 6600m,13949
2187,radeon rx 6600s,12649
2188,radeon rx 6650 xt,17148
2189,radeon rx 6650m,15052
2190,radeon rx 6650m xt,17070
2191,radeon rx 6700,19160
2192,radeon rx 6700 xt,19804
2193,radeon rx 6700m,13543
2194,radeon rx 6700s,15065
2195,radeon rx 6750 gre 10gb,18410
2196,radeon rx 6750 gre 12gb,20169
2197,radeon rx 6750 xt,20739
2198,radeon rx 6800,22093
2199,radeon rx 6800 xt,24990
2200,radeon rx 6800m,13269
2201,radeon rx 6800s,15907
2202,radeon rx 6850m,12274
2203,radeon rx 6850m xt,17336
2204,radeon rx 6900 xt,26744
2205,radeon rx 6950 xt,28077
2206,radeon rx 7600,16581
2207,radeon rx 7600 xt,17112
2208,radeon rx 7600m,12804
2209,radeon rx 7600m xt,13702
2210,radeon rx 7600s,15426
2211,radeon rx 7650 gre,12899
2212,radeon rx 7700 xt,22463
2213,radeon rx 7700s,15653
2214,radeon rx 780,7657
2215,radeon rx 7800 xt,24224
2216,radeon rx 7800m,16536
2217,radeon rx 7900 gre,27064
2218,radeon rx 7900 xt,28995
2219,radeon rx 7900 xtx,31201
2220,radeon rx 7900m,22599
2221,radeon rx 9060 xt 16gb,20155
2222,radeon rx 9060 xt 8gb,19375
2223,radeon rx 9070,25372
2224,radeon rx 9070 xt,26810
2225,radeon rx vega renoir ryzen 3 5300u,2312
2226,radeon rx vega 10,1631
2227,radeon rx vega 10 ryzen 7 3700c,1166
2228,radeon rx vega 10 ryzen 7 3700u,1476
2229,radeon rx vega 10 ryzen 7 3750h,1908
2230,radeon rx vega 10 ryzen 7 pro 3700u w,1507
2231,radeon rx vega 11,2098
2232,radeon rx vega 11 prd,2401
2233,radeon rx vega 11 processor,1766
2234,radeon rx vega 11 ryzen 5 3350g,1892
2235,radeon rx vega 11 ryzen 5 3400g,2166
2236,radeon rx vega 11 ryzen 5 3400ge,1941
2237,radeon rx vega 56,13074
2238,radeon rx vega 6 ryzen 3 3200u,906
2239,radeon rx vega 64,14047
2240,radeon rx vega 8,1488
2241,radeon rx vega m gh,6584
2242,radeon rx vega m gl,3868
2243,radeon rx vega ryzen 3 5300u,2329
2244,radeon rx vega ryzen 5 5500u,2342
2245,radeon rx vega ryzen 5 5600gt,9558
2246,radeon rx vega ryzen 7 5825u,2916
2247,radeon rx vega11,1605
2248,radeon rx vega11 ryzen 7 3750h,1711
2249,radeon rx vega11 ryzen 7 microsoft surface edition,1420
2250,radeon rx590 gme,8427
2251,radeon ryzen 3 3250u,804
2252,radeon ryzen 3 5300u,1602
2253,radeon ryzen 3 5425u,1570
2254,radeon ryzen 3 7330u,1603
2255,radeon ryzen 3 7335u,2158
2256,radeon ryzen 3 pro 4355ge,1431
2257,radeon ryzen 3 pro 5355ge,1951
2258,radeon ryzen 3 pro 5450u,1701
2259,radeon ryzen 3 pro 5475u,1541
2260,radeon ryzen 3 pro 7330u,1853
2261,radeon ryzen 3 pro 7335u,1992
2262,radeon ryzen 5 3450u,1123
2263,radeon ryzen 5 3550h,1665
2264,radeon ryzen 5 4600ge with radeon,2337
2265,radeon ryzen 5 5500gt,2451
2266,radeon ryzen 5 5500u,2037
2267,radeon ryzen 5 5560u,2034
2268,radeon ryzen 5 5600ge,2418
2269,radeon ryzen 5 5600gt,2424
2270,radeon ryzen 5 5600h,2413
2271,radeon ryzen 5 5600u,2091
2272,radeon ryzen 5 5625u,2112
2273,radeon ryzen 5 6600h,3438
2274,radeon ryzen 5 6600hs creator edition,3752
2275,radeon ryzen 5 6600u,3241
2276,radeon ryzen 5 7430u,2487
2277,radeon ryzen 5 7530u,2217
2278,radeon ryzen 5 7533hs,3523
2279,radeon ryzen 5 7535hs,3101
2280,radeon ryzen 5 7535u,3167
2281,radeon ryzen 5 7600 6 core,1726
2282,radeon ryzen 5 7600x 6 core,1672
2283,radeon ryzen 5 7600x3d 6 core,1869
2284,radeon ryzen 5 microsoft surface edition,2057
2285,radeon ryzen 5 pro 4400g,2276
2286,radeon ryzen 5 pro 4655g,2215
2287,radeon ryzen 5 pro 4655ge,2274
2288,radeon ryzen 5 pro 5650g,2292
2289,radeon ryzen 5 pro 5650ge,2281
2290,radeon ryzen 5 pro 5655g,2503
2291,radeon ryzen 5 pro 5655ge,1801
2292,radeon ryzen 5 pro 5675u,1915
2293,radeon ryzen 5 pro 6650h,2678
2294,radeon ryzen 5 pro 6650u,3664
2295,radeon ryzen 5 pro 7535u,2953
2296,radeon ryzen 5 pro 7645 6 core,1581
2297,radeon ryzen 7 3700u,1301
2298,radeon ryzen 7 4700g,2583
2299,radeon ryzen 7 4700ge,2595
2300,radeon ryzen 7 4700u,2032
2301,radeon ryzen 7 4800h,3341
2302,radeon ryzen 7 4800hs,3102
2303,radeon ryzen 7 4800u,2317
2304,radeon ryzen 7 5700u,2250
2305,radeon ryzen 7 5800h,2823
2306,radeon ryzen 7 5800hs,2529
2307,radeon ryzen 7 5800u,2402
2308,radeon ryzen 7 5825u,2389
2309,radeon ryzen 7 6800h,4979
2310,radeon ryzen 7 6800hs,6025
2311,radeon ryzen 7 6800hs creator edition,5362
2312,radeon ryzen 7 6800u,4385
2313,radeon ryzen 7 6810u,5937
2314,radeon ryzen 7 7700 8 core,1726
2315,radeon ryzen 7 7700x 8 core,1910
2316,radeon ryzen 7 7730u,2397
2317,radeon ryzen 7 7735h,5334
2318,radeon ryzen 7 7735hs,5034
2319,radeon ryzen 7 7735u,4704
2320,radeon ryzen 7 7736u,5818
2321,radeon ryzen 7 7800x3d 8 core,1711
2322,radeon ryzen 7 microsoft surface edition,2275
2323,radeon ryzen 7 pro 4700g,2147
2324,radeon ryzen 7 pro 4750g,2490
2325,radeon ryzen 7 pro 4750ge,2379
2326,radeon ryzen 7 pro 4750u,2007
2327,radeon ryzen 7 pro 5755ge,2117
2328,radeon ryzen 7 pro 5875u,2183
2329,radeon ryzen 7 pro 6850h,5407
2330,radeon ryzen 7 pro 6850hs,5057
2331,radeon ryzen 7 pro 6850u,5112
2332,radeon ryzen 7 pro 6860z,4558
2333,radeon ryzen 7 pro 7730u,2294
2334,radeon ryzen 7 pro 7735u,3872
2335,radeon ryzen 7 pro 7745 8 core,1595
2336,radeon ryzen 9 4900h,2583
2337,radeon ryzen 9 4950u mobile,2594
2338,radeon ryzen 9 5900h,2134
2339,radeon ryzen 9 6900hs,6855
2340,radeon ryzen 9 6900hs creator edition,5155
2341,radeon ryzen 9 7900 12 core,1953
2342,radeon ryzen 9 7900x 12 core,2222
2343,radeon ryzen 9 7900x3d 12 core,1773
2344,radeon ryzen 9 7950x 16 core,3261
2345,radeon ryzen 9 7950x3d 16 core,1658
2346,radeon ryzen 9 pro 6950h,5781
2347,radeon ryzen 9 pro 6950hs,4427
2348,radeon ryzen 9 pro 7945 12 core,1612
2349,radeon ryzen embedded r2312,837
2350,radeon ryzen embedded r2314,997
2351,radeon ryzen embedded r2514,1511
2352,radeon ryzen embedded r2544,1864
2353,radeon ryzen embedded v2516,1723
2354,radeon ryzen embedded v2546,1435
2355,radeon ryzen embedded v2718,1998
2356,radeon ryzen embedded v2748,2216
2357,radeon ryzen z2 go,5004
2358,radeon sky 500,4709
2359,radeon tm,5565
2360,radeon tm r9 a360,2060
2361,radeon ve,2
2362,radeon vega 10,1536
2363,radeon vega 10 mobile,1525
2364,radeon vega 10 ryzen 7 pro 3700u w,1562
2365,radeon vega 11,1861
2366,radeon vega 11 ryzen 5 pro 3350g,2185
2367,radeon vega 11 ryzen 5 pro 3350ge,2217
2368,radeon vega 11 ryzen 5 pro 3400g,2040
2369,radeon vega 11 ryzen 5 pro 3400ge w,1314
2370,radeon vega 2,506
2371,radeon vega 2 athlon silver 3050u,521
2372,radeon vega 3,890
2373,radeon vega 3 3020e,547
2374,radeon vega 3 athlon 3000g,953
2375,radeon vega 3 athlon 300ge,1044
2376,radeon vega 3 athlon 300u,832
2377,radeon vega 3 athlon 320ge,677
2378,radeon vega 3 athlon gold 3150g,1088
2379,radeon vega 3 athlon gold 3150u,665
2380,radeon vega 3 athlon gold pro 3150g,671
2381,radeon vega 3 athlon pro 300ge w,1090
2382,radeon vega 3 athlon silver 3050e,485
2383,radeon vega 3 athlon silver 3050u,832
2384,radeon vega 3 mobile,1047
2385,radeon vega 3 ryzen 3 3200u,831
2386,radeon vega 3 ryzen 3 3250u,673
2387,radeon vega 3 ryzen embedded r1305g,580
2388,radeon vega 3 ryzen embedded r1505g,738
2389,radeon vega 3 ryzen embedded r1606g,856
2390,radeon vega 6,1313
2391,radeon vega 6 ryzen 3 3300u,1357
2392,radeon vega 6 ryzen 3 3350u,1446
2393,radeon vega 6 ryzen 3 pro 3300u w,1295
2394,radeon vega 8,1572
2395,radeon vega 8 mobile,1429
2396,radeon vega 8 mobile ryzen 5 3500u,2005
2397,radeon vega 8 ryzen 3 3200g,1611
2398,radeon vega 8 ryzen 3 3200ge,1994
2399,radeon vega 8 ryzen 3 pro 3200g,1247
2400,radeon vega 8 ryzen 3 pro 3200ge w,1586
2401,radeon vega 8 ryzen 5 3450u,1286
2402,radeon vega 8 ryzen 5 3500u,1358
2403,radeon vega 8 ryzen 5 3550h,1658
2404,radeon vega 8 ryzen 5 pro 3500u w,1487
2405,radeon vega 9,1587
2406,radeon vega 9 ryzen 5 3550h,1516
2407,radeon vega 9 ryzen 5 microsoft surface edition,1496
2408,radeon vega frontier edition,12769
2409,radeon vii,16366
2410,radeon x1050,49
2411,radeon x1200,32
2412,radeon x1250,37
2413,radeon x1270,31
2414,radeon x1300,58
2415,radeon x1300 pro,84
2416,radeon x1550,66
2417,radeon x1550 64 bit,47
2418,radeon x1600,49
2419,radeon x1600 pro,98
2420,radeon x1600 pro x1300xt,69
2421,radeon x1600 xt,115
2422,radeon x1650 gto,74
2423,radeon x1650 pro,84
2424,radeon x1650 se,71
2425,radeon x1700 targa edition,116
2426,radeon x1800 gto,140
2427,radeon x1900 crossfire edition,137
2428,radeon x1900 gt,145
2429,radeon x1950 crossfire edition,151
2430,radeon x1950 gt,106
2431,radeon x1950 pro,112
2432,radeon x300se,38
2433,radeon x550,50
2434,radeon x550xt,56
2435,radeon x550xtx,70
2436,radeon x600 256mb hypermemory,56
2437,radeon x600 pro,67
2438,radeon x600 se,49
2439,radeon x600xt,91
2440,radeon x700,72
2441,radeon x700 pro,75
2442,radeon x700 se,71
2443,radeon x800 gt,84
2444,radeon x800 gto,114
2445,radeon x800 pro,64
2446,radeon x800 pro gto,73
2447,radeon x800 se,129
2448,radeon x800 xl,69
2449,radeon x800 xt,97
2450,radeon x800 xt platinum edition,81
2451,radeon x800gt,79
2452,radeon x850 pro,72
2453,radeon x850 xt,81
2454,radeon x850 xt platinum edition,81
2455,radeon xpress 1100,34
2456,radeon xpress 1150,29
2457,radeon xpress 1200,35
2458,radeon xpress 1250,42
2459,radeon xpress 1270,26
2460,radeon xpress 1300,52
2461,radeon xpress 1300m,40
2462,radeon xpress 200,29
2463,radeon xpress 200 crossfire,18
2464,radeon xpress 200m,22
2465,radeont 610m,1088
2466,radeont 660m,2220
2467,radeont 660m ryzen 5 7535hs,4051
2468,radeont 680m ryzen 7 6800h,2381
2469,radeont 680m ryzen 7 7735hs,5626
2470,radeont 780m,7079
2471,radeont rx 6850m xt,14609
2472,radeont rx vega 11,1842
2473,radeont ryzen 3 3250u,581
2474,rage 128 pro,1
2475,rage 128 pro agp 4x tmds,1
2476,rage fury pro xpert 2000 pro,3
2477,rdpdd chained dd,238
2478,red hat qxl,52
2479,rgh drivers v3,11
2480,riva tnt2 model 64 model 64 pro,3
2481,riva tnt2 tnt2 pro,3
2482,rtx 1000 ada generation laptop,13351
2483,rtx 2000 ada generation,17139
2484,rtx 2000 ada generation embedded,15505
2485,rtx 2000 ada generation laptop,15202
2486,rtx 2000e ada generation,14395
2487,rtx 3000 ada generation laptop,15821
2488,rtx 3500 ada generation embedded,25188
2489,rtx 3500 ada generation laptop,19687
2490,rtx 4000 ada generation,24076
2491,rtx 4000 ada generation laptop,22118
2492,rtx 4000 sff ada generation,20292
2493,rtx 4500 ada generation,27500
2494,rtx 500 ada generation laptop,10940
2495,rtx 5000 ada generation,30439
2496,rtx 5000 ada generation embedded,20311
2497,rtx 5000 ada generation laptop,23627
2498,rtx 5880 ada generation,23750
2499,rtx 6000 ada generation,28120
2500,rtx a1000,10729
2501,rtx a1000 6gb laptop,10070
2502,rtx a1000 embedded,11460
2503,rtx a1000 laptop,9519
2504,rtx a2000,13548
2505,rtx a2000 12gb,13709
2506,rtx a2000 8gb laptop,10633
2507,rtx a2000 embedded,10860
2508,rtx a2000 laptop,9605
2509,rtx a3000 12gb laptop,13737
2510,rtx a3000 laptop,12778
2511,rtx a400,5930
2512,rtx a4000,19477
2513,rtx a4000 laptop,14823
2514,rtx a4500,21183
2515,rtx a4500 embedded,8485
2516,rtx a4500 laptop,16625
2517,rtx a500 embedded,5404
2518,rtx a500 laptop,6649
2519,rtx a5000,22516
2520,rtx a5000 laptop,15840
2521,rtx a5500,21389
2522,rtx a5500 laptop,17297
2523,rtx a6000,22561
2524,rtx pro 1000 blackwell generation laptop,16400
2525,rtx pro 2000 blackwell generation laptop,16599
2526,rtx pro 3000 blackwell generation laptop,32375
2527,rtx pro 4000 blackwell generation laptop,30028
2528,rtx pro 500 blackwell generation laptop,12992
2529,rtx pro 6000 blackwell max q workstation edition,33019
2530,rtx pro 6000 blackwell workstation edition,30585
2531,rv530 pro,118
2532,ryzen 3 4300g with radeon,1544
2533,ryzen 3 4300ge with radeon,2322
2534,ryzen 3 4300u with radeon,1364
2535,ryzen 3 5300g with radeon,1956
2536,ryzen 3 5300ge with radeon,1950
2537,ryzen 3 5300u with radeon,1539
2538,ryzen 3 5400u with radeon,1600
2539,ryzen 3 5425u with radeon,1691
2540,ryzen 3 7330u with radeon,1693
2541,ryzen 3 7335u with radeon,1980
2542,ryzen 3 pro 4200ge with radeon,1748
2543,ryzen 3 pro 4300u with radeon,1542
2544,ryzen 3 pro 4350g with radeon,2070
2545,ryzen 3 pro 4350ge with radeon,1931
2546,ryzen 3 pro 4450u with radeon,1503
2547,ryzen 3 pro 5350g with radeon,2299
2548,ryzen 3 pro 5350ge with radeon,1827
2549,ryzen 3 pro 5450u with radeon,1617
2550,ryzen 3 pro 5475u with radeon,1431
2551,ryzen 3 pro 7330u with radeon,2144
2552,ryzen 5 2500u with radeon vega,1503
2553,ryzen 5 4500u with radeon,1807
2554,ryzen 5 4600g with radeon,2340
2555,ryzen 5 4600h with radeon,2123
2556,ryzen 5 4600hs with radeon,8370
2557,ryzen 5 4600u with radeon,1904
2558,ryzen 5 5500gt with radeon,2224
2559,ryzen 5 5500u with radeon,1970
2560,ryzen 5 5560u with radeon,2098
2561,ryzen 5 5600g with radeon,2560
2562,ryzen 5 5600ge with radeon,2547
2563,ryzen 5 5600gt with radeon,2200
2564,ryzen 5 5600h with radeon,2297
2565,ryzen 5 5600u with radeon,2150
2566,ryzen 5 5625u with radeon,1996
2567,ryzen 5 6600h with radeon,3579
2568,ryzen 5 6600hs creator edition,3690
2569,ryzen 5 6600u with radeon,3233
2570,ryzen 5 7430u with radeon,2270
2571,ryzen 5 7530u with radeon,2250
2572,ryzen 5 7535u with radeon,3323
2573,ryzen 5 9600x 6 core processor,1858
2574,ryzen 5 pro 4400g with radeon,2305
2575,ryzen 5 pro 4400ge with radeon,1441
2576,ryzen 5 pro 4500u with radeon,2007
2577,ryzen 5 pro 4650g with radeon,2382
2578,ryzen 5 pro 4650ge with radeon,2156
2579,ryzen 5 pro 4650u with radeon,1673
2580,ryzen 5 pro 5650g with radeon,2481
2581,ryzen 5 pro 5650ge with radeon,2455
2582,ryzen 5 pro 5650u with radeon,1959
2583,ryzen 5 pro 5675u with radeon,1719
2584,ryzen 5 pro 6650u,3519
2585,ryzen 5 pro 6650u with radeon,3533
2586,ryzen 5 pro 7530u with radeon,1877
2587,ryzen 5 pro 7535u with radeon,3750
2588,ryzen 7 2700u with radeon vega,1617
2589,ryzen 7 4700g with radeon,2186
2590,ryzen 7 4700ge with radeon,2496
2591,ryzen 7 4700u with radeon,2034
2592,ryzen 7 4800h with radeon,2113
2593,ryzen 7 4800u with radeon,2343
2594,ryzen 7 5700g with radeon,2761
2595,ryzen 7 5700ge with radeon,2762
2596,ryzen 7 5700u with radeon,2241
2597,ryzen 7 5800h with radeon,2736
2598,ryzen 7 5800hs with radeon,2795
2599,ryzen 7 5800u with radeon,2310
2600,ryzen 7 5825u with radeon,2351
2601,ryzen 7 6800h,5247
2602,ryzen 7 6800h with radeon,4959
2603,ryzen 7 6800hs,5237
2604,ryzen 7 6800hs creator edition,5465
2605,ryzen 7 6800hs with radeon,6240
2606,ryzen 7 6800u,5006
2607,ryzen 7 6800u with radeon,4760
2608,ryzen 7 7730u with radeon,2433
2609,ryzen 7 7735hs with radeon,5175
2610,ryzen 7 7735u with radeon,5081
2611,ryzen 7 9700x 8 core processor,2250
2612,ryzen 7 9800x3d 8 core processor,1830
2613,ryzen 7 extreme edition,2151
2614,ryzen 7 pro 4750g with radeon,2681
2615,ryzen 7 pro 4750ge with radeon,2549
2616,ryzen 7 pro 4750u with radeon,2029
2617,ryzen 7 pro 5750g with radeon,2392
2618,ryzen 7 pro 5750ge with radeon,2458
2619,ryzen 7 pro 5850u with radeon,2307
2620,ryzen 7 pro 5875u with radeon,2067
2621,ryzen 7 pro 6850h with radeon,5790
2622,ryzen 7 pro 6850hs with radeon,4087
2623,ryzen 7 pro 6850u,5580
2624,ryzen 7 pro 6850u with radeon,5116
2625,ryzen 7 pro 6860z,5076
2626,ryzen 7 pro 6860z with radeon,4869
2627,ryzen 7 pro 7730u with radeon,2566
2628,ryzen 7 pro 7735u with radeon,5142
2629,ryzen 9 4900hs with radeon,7022
2630,ryzen 9 5900hs with radeon,5479
2631,ryzen 9 5900hx with radeon,2936
2632,ryzen 9 6900hs,8005
2633,ryzen 9 6900hs with radeon,6109
2634,ryzen 9 6900hx with radeon,5157
2635,ryzen 9 9900x 12 core processor,1729
2636,ryzen 9 9950x 16 core processor,1770
2637,ryzen 9 pro 6950h,5758
2638,ryzen 9 pro 6950h with radeon,6176
2639,ryzen 9 pro 6950hs with radeon,4704
2640,s3 5400ew,146
2641,s3 chrome 430 ulp,39
2642,s3 chrome s25 ddr2,18
2643,s3 chrome s27 ddr3,33
2644,s3 inc savage4,3
2645,s3 prosavageddr,1
2646,s3 supersavage ixc 1014,1
2647,sapphire radeon 9000 atlantis pro,5
2648,sapphire radeon 9600 atlantis,47
2649,sapphire radeon x1550,61
2650,sapphire radeon x800 gt,112
2651,seria mobility radeon hd 3400,124
2652,seria radeon hd 7700,1603
2653,snapdragon x elite x1e001de qualcomm adreno gp,3245
2654,snapdragon x elite x1e78100 qualcomm adreno gp,2565
2655,snapdragon x elite x1e80100 qualcomm adreno gp,2604
2656,snapdragon x elite x1e84100 qualcomm adreno gp,2981
2657,snapdragon x plus x1p64100 qualcomm adreno,2601
2658,sqextframebufferumode device,1752
2659,sudomaker virtual display adapter,22074
2660,sumo 9640,650
2661,sumo 9644,465
2662,sumo 964a,497
2663,superdisplay virtual adapter,10390
2664,surface duo adreno 640,592
2665,t1000,7646
2666,t1000 8gb,7663
2667,t1200 laptop,7753
2668,t400,3603
2669,t400 4gb,3797
2670,t500,3632
2671,t550 laptop,4792
2672,t600,6478
2673,t600 laptop,7037
2674,tensor 1 0 driver hd 630,1299
2675,tesla c2050,3175
2676,tesla c2050 c2070,3428
2677,tesla c2070,3120
2678,tesla c2075,3016
2679,tesla k20m,4432
2680,tesla k20xm,4403
2681,tesla k40c,4494
2682,tesla k40m,3143
2683,tesla k80,4300
2684,tesla m10,3248
2685,tesla m2070 q,1305
2686,tesla m40,10219
2687,tesla m40 24gb,10641
2688,tesla m6,6226
2689,tesla m60,7651
2690,tesla p100 pcie 16gb,11813
2691,tesla p4,9097
2692,tesla p40,12020
2693,tesla t10,12557
2694,tesla t4,10647
2695,tesla v100 pcie 16gb,12328
2696,tesla v100 sxm2 16gb,13625
2697,titan rtx,20468
2698,titan v,19804
2699,titan v ceo edition,16987
2700,titan xp collectors edition,18695
2701,trinity devastator mobile,578
2702,trinity scrapper mobile,498
2703,usb mobile monitor virtual display,15222
2704,v9560xt,6
2705,vanta vanta lt,3
2706,via chrome9 hc igp,4
2707,via chrome9 hc igp family,3
2708,via chrome9 hc igp family wddm,3
2709,via chrome9 hc igp prerelease wddm 1 1,2
2710,via chrome9 hc igp wddm,2
2711,via chrome9 hc igp wddm 1 1,3
2712,via chrome9 hc3 igp,2
2713,via chrome9 hcm igp,1
2714,via chrome9 hd igp,10
2715,via s3g c 645 640,132
2716,via s3g chrome 645 640,109
2717,via s3g deltachrome igp,3
2718,via s3g km400 kn400,4
2719,via s3g unichrome igp,4
2720,via s3g unichrome pro igp,4
2721,via s3g unichromeii,5
2722,virtual desktop monitor,19005
2723,virtual display device,1661
2724,virtualmonitor device,2130
2725,visiontek radeon 7000,1
2726,vmware horizon indirect display driver,3565
2727,vnc mirror driver,5764
2728,winfast a250 le,4
2729,xabre,5
2730,xgi volari family v1 13 23 d v,4
2731,zx c 1080,315
2732,zx c 1190,346
2733,zx c 960,69
2734,zx chrome 645 640,147
